Tipo,Referencia,Modelo,Pieza,Detalle,Se_usa_en,URL_pieza,URL_esfera,Ya_entregada
CABEZA,LO-01-C1-E1,Precisa,Solida plata,Azul claro,Precisa,https://es.aliexpress.com/item/1005011649275530.html,https://es.aliexpress.com/item/1005008683926798.html,
CABEZA,LO-01-C1-E2,Precisa,Solida plata,Azul oscuro,Precisa,https://es.aliexpress.com/item/1005011649275530.html,https://es.aliexpress.com/item/1005008683926798.html,
CABEZA,LO-01-C1-E3,Precisa,Solida plata,Blanca,Precisa,https://es.aliexpress.com/item/1005011649275530.html,https://es.aliexpress.com/item/1005008683926798.html,
CABEZA,LO-01-C1-E4,Precisa,Solida plata,Negra,Precisa,https://es.aliexpress.com/item/1005011649275530.html,https://es.aliexpress.com/item/1005008683926798.html,
CABEZA,LO-01-C2-E1,Precisa,Cristal plata,Azul claro,Precisa,https://es.aliexpress.com/item/1005008684803503.html,https://es.aliexpress.com/item/1005008683926798.html,
CABEZA,LO-01-C2-E2,Precisa,Cristal plata,Azul oscuro,Precisa,https://es.aliexpress.com/item/1005008684803503.html,https://es.aliexpress.com/item/1005008683926798.html,
CABEZA,LO-01-C2-E3,Precisa,Cristal plata,Blanca,Precisa,https://es.aliexpress.com/item/1005008684803503.html,https://es.aliexpress.com/item/1005008683926798.html,
CABEZA,LO-01-C2-E4,Precisa,Cristal plata,Negra,Precisa,https://es.aliexpress.com/item/1005008684803503.html,https://es.aliexpress.com/item/1005008683926798.html,
BRAZALETE,Brz-Precisa-316,Precisa,"Acero 316, color plata","Plata · viene con la caja, no se pide aparte",Precisa,https://es.aliexpress.com/item/1005011649275530.html,,
CABEZA,LO-02-C1-E1,Trinchera,Plata solida 36,Murph N/A,Trinchera,https://es.aliexpress.com/item/1005008932757286.html,https://es.aliexpress.com/item/1005012681807350.html,
CABEZA,LO-02-C1-E2,Trinchera,Plata solida 36,Murph N/B,Trinchera,https://es.aliexpress.com/item/1005008932757286.html,https://es.aliexpress.com/item/1005012681807350.html,
CABEZA,LO-02-C1-E3,Trinchera,Plata solida 36,Murph A/P,Trinchera,https://es.aliexpress.com/item/1005008932757286.html,https://es.aliexpress.com/item/1005012681807350.html,
CABEZA,LO-02-C1-E4,Trinchera,Plata solida 36,Khaki Seg Rojo,Trinchera,https://es.aliexpress.com/item/1005008932757286.html,https://es.aliexpress.com/item/1005005292610859.html,
CABEZA,LO-02-C1-E5,Trinchera,Plata solida 36,Khaki Seg Plata,Trinchera,https://es.aliexpress.com/item/1005008932757286.html,https://es.aliexpress.com/item/1005005292610859.html,
CABEZA,LO-02-C2-E1,Trinchera,Bronce solida 36,Murph N/A,Trinchera,https://es.aliexpress.com/item/1005008932757286.html,https://es.aliexpress.com/item/1005012681807350.html,
CABEZA,LO-02-C2-E2,Trinchera,Bronce solida 36,Murph N/B,Trinchera,https://es.aliexpress.com/item/1005008932757286.html,https://es.aliexpress.com/item/1005012681807350.html,
CABEZA,LO-02-C2-E3,Trinchera,Bronce solida 36,Murph A/P,Trinchera,https://es.aliexpress.com/item/1005008932757286.html,https://es.aliexpress.com/item/1005012681807350.html,
CABEZA,LO-02-C2-E4,Trinchera,Bronce solida 36,Khaki Seg Rojo,Trinchera,https://es.aliexpress.com/item/1005008932757286.html,https://es.aliexpress.com/item/1005005292610859.html,
CABEZA,LO-02-C2-E5,Trinchera,Bronce solida 36,Khaki Seg Plata,Trinchera,https://es.aliexpress.com/item/1005008932757286.html,https://es.aliexpress.com/item/1005005292610859.html,
CABEZA,LO-02-C3-E1,Trinchera,Negra solida 36,Murph N/A,Trinchera,https://es.aliexpress.com/item/1005008932757286.html,https://es.aliexpress.com/item/1005012681807350.html,
CABEZA,LO-02-C3-E2,Trinchera,Negra solida 36,Murph N/B,Trinchera,https://es.aliexpress.com/item/1005008932757286.html,https://es.aliexpress.com/item/1005012681807350.html,
CABEZA,LO-02-C3-E3,Trinchera,Negra solida 36,Murph A/P,Trinchera,https://es.aliexpress.com/item/1005008932757286.html,https://es.aliexpress.com/item/1005012681807350.html,
CABEZA,LO-02-C3-E4,Trinchera,Negra solida 36,Khaki Seg Rojo,Trinchera,https://es.aliexpress.com/item/1005008932757286.html,https://es.aliexpress.com/item/1005005292610859.html,
CABEZA,LO-02-C3-E5,Trinchera,Negra solida 36,Khaki Seg Plata,Trinchera,https://es.aliexpress.com/item/1005008932757286.html,https://es.aliexpress.com/item/1005005292610859.html,
CABEZA,LO-02-C4-E1,Trinchera,Titanio solida 36,Murph N/A,Trinchera,https://es.aliexpress.com/item/1005005301468458.html?,https://es.aliexpress.com/item/1005012681807350.html,
CABEZA,LO-02-C4-E2,Trinchera,Titanio solida 36,Murph N/B,Trinchera,https://es.aliexpress.com/item/1005005301468458.html?,https://es.aliexpress.com/item/1005012681807350.html,
CABEZA,LO-02-C4-E3,Trinchera,Titanio solida 36,Murph A/P,Trinchera,https://es.aliexpress.com/item/1005005301468458.html?,https://es.aliexpress.com/item/1005012681807350.html,
CABEZA,LO-02-C4-E4,Trinchera,Titanio solida 36,Khaki Seg Rojo,Trinchera,https://es.aliexpress.com/item/1005005301468458.html?,https://es.aliexpress.com/item/1005005292610859.html,
CABEZA,LO-02-C4-E5,Trinchera,Titanio solida 36,Khaki Seg Plata,Trinchera,https://es.aliexpress.com/item/1005005301468458.html?,https://es.aliexpress.com/item/1005005292610859.html,
CABEZA,LO-02-C5-E1,Trinchera,Plata cristal 36,Murph N/A,Trinchera,https://es.aliexpress.com/item/1005008932757286.html,https://es.aliexpress.com/item/1005012681807350.html,
CABEZA,LO-02-C5-E2,Trinchera,Plata cristal 36,Murph N/B,Trinchera,https://es.aliexpress.com/item/1005008932757286.html,https://es.aliexpress.com/item/1005012681807350.html,
CABEZA,LO-02-C5-E3,Trinchera,Plata cristal 36,Murph A/P,Trinchera,https://es.aliexpress.com/item/1005008932757286.html,https://es.aliexpress.com/item/1005012681807350.html,
CABEZA,LO-02-C5-E4,Trinchera,Plata cristal 36,Khaki Seg Rojo,Trinchera,https://es.aliexpress.com/item/1005008932757286.html,https://es.aliexpress.com/item/1005005292610859.html,
CABEZA,LO-02-C5-E5,Trinchera,Plata cristal 36,Khaki Seg Plata,Trinchera,https://es.aliexpress.com/item/1005008932757286.html,https://es.aliexpress.com/item/1005005292610859.html,
CABEZA,LO-02-C6-E1,Trinchera,Bronce cristal 36,Murph N/A,Trinchera,https://es.aliexpress.com/item/1005008932757286.html,https://es.aliexpress.com/item/1005012681807350.html,
CABEZA,LO-02-C6-E2,Trinchera,Bronce cristal 36,Murph N/B,Trinchera,https://es.aliexpress.com/item/1005008932757286.html,https://es.aliexpress.com/item/1005012681807350.html,
CABEZA,LO-02-C6-E3,Trinchera,Bronce cristal 36,Murph A/P,Trinchera,https://es.aliexpress.com/item/1005008932757286.html,https://es.aliexpress.com/item/1005012681807350.html,
CABEZA,LO-02-C6-E4,Trinchera,Bronce cristal 36,Khaki Seg Rojo,Trinchera,https://es.aliexpress.com/item/1005008932757286.html,https://es.aliexpress.com/item/1005005292610859.html,
CABEZA,LO-02-C6-E5,Trinchera,Bronce cristal 36,Khaki Seg Plata,Trinchera,https://es.aliexpress.com/item/1005008932757286.html,https://es.aliexpress.com/item/1005005292610859.html,
CABEZA,LO-02-C7-E1,Trinchera,Negra cristal 36,Murph N/A,Trinchera,https://es.aliexpress.com/item/1005008932757286.html,https://es.aliexpress.com/item/1005012681807350.html,
CABEZA,LO-02-C7-E2,Trinchera,Negra cristal 36,Murph N/B,Trinchera,https://es.aliexpress.com/item/1005008932757286.html,https://es.aliexpress.com/item/1005012681807350.html,
CABEZA,LO-02-C7-E3,Trinchera,Negra cristal 36,Murph A/P,Trinchera,https://es.aliexpress.com/item/1005008932757286.html,https://es.aliexpress.com/item/1005012681807350.html,
CABEZA,LO-02-C7-E4,Trinchera,Negra cristal 36,Khaki Seg Rojo,Trinchera,https://es.aliexpress.com/item/1005008932757286.html,https://es.aliexpress.com/item/1005005292610859.html,
CABEZA,LO-02-C7-E5,Trinchera,Negra cristal 36,Khaki Seg Plata,Trinchera,https://es.aliexpress.com/item/1005008932757286.html,https://es.aliexpress.com/item/1005005292610859.html,
CABEZA,LO-02-C8-E1,Trinchera,Plata solida 39,Murph N/A,Trinchera,https://es.aliexpress.com/item/1005008932757286.html,https://es.aliexpress.com/item/1005012681807350.html,
CABEZA,LO-02-C8-E2,Trinchera,Plata solida 39,Murph N/B,Trinchera,https://es.aliexpress.com/item/1005008932757286.html,https://es.aliexpress.com/item/1005012681807350.html,
CABEZA,LO-02-C8-E3,Trinchera,Plata solida 39,Murph A/P,Trinchera,https://es.aliexpress.com/item/1005008932757286.html,https://es.aliexpress.com/item/1005012681807350.html,
CABEZA,LO-02-C8-E4,Trinchera,Plata solida 39,Khaki Seg Rojo,Trinchera,https://es.aliexpress.com/item/1005008932757286.html,https://es.aliexpress.com/item/1005005292610859.html,
CABEZA,LO-02-C8-E5,Trinchera,Plata solida 39,Khaki Seg Plata,Trinchera,https://es.aliexpress.com/item/1005008932757286.html,https://es.aliexpress.com/item/1005005292610859.html,
CABEZA,LO-02-C9-E1,Trinchera,Bronce solida 39,Murph N/A,Trinchera,https://es.aliexpress.com/item/1005008932757286.html,https://es.aliexpress.com/item/1005012681807350.html,
CABEZA,LO-02-C9-E2,Trinchera,Bronce solida 39,Murph N/B,Trinchera,https://es.aliexpress.com/item/1005008932757286.html,https://es.aliexpress.com/item/1005012681807350.html,
CABEZA,LO-02-C9-E3,Trinchera,Bronce solida 39,Murph A/P,Trinchera,https://es.aliexpress.com/item/1005008932757286.html,https://es.aliexpress.com/item/1005012681807350.html,
CABEZA,LO-02-C9-E4,Trinchera,Bronce solida 39,Khaki Seg Rojo,Trinchera,https://es.aliexpress.com/item/1005008932757286.html,https://es.aliexpress.com/item/1005005292610859.html,
CABEZA,LO-02-C9-E5,Trinchera,Bronce solida 39,Khaki Seg Plata,Trinchera,https://es.aliexpress.com/item/1005008932757286.html,https://es.aliexpress.com/item/1005005292610859.html,
CABEZA,LO-02-C10-E1,Trinchera,Negra solida 39,Murph N/A,Trinchera,https://es.aliexpress.com/item/1005008932757286.html,https://es.aliexpress.com/item/1005012681807350.html,
CABEZA,LO-02-C10-E2,Trinchera,Negra solida 39,Murph N/B,Trinchera,https://es.aliexpress.com/item/1005008932757286.html,https://es.aliexpress.com/item/1005012681807350.html,
CABEZA,LO-02-C10-E3,Trinchera,Negra solida 39,Murph A/P,Trinchera,https://es.aliexpress.com/item/1005008932757286.html,https://es.aliexpress.com/item/1005012681807350.html,
CABEZA,LO-02-C10-E4,Trinchera,Negra solida 39,Khaki Seg Rojo,Trinchera,https://es.aliexpress.com/item/1005008932757286.html,https://es.aliexpress.com/item/1005005292610859.html,
CABEZA,LO-02-C10-E5,Trinchera,Negra solida 39,Khaki Seg Plata,Trinchera,https://es.aliexpress.com/item/1005008932757286.html,https://es.aliexpress.com/item/1005005292610859.html,
CABEZA,LO-02-C11-E1,Trinchera,Titanio solida 39,Murph N/A,Trinchera,https://es.aliexpress.com/item/1005005301468458.html?,https://es.aliexpress.com/item/1005012681807350.html,
CABEZA,LO-02-C11-E2,Trinchera,Titanio solida 39,Murph N/B,Trinchera,https://es.aliexpress.com/item/1005005301468458.html?,https://es.aliexpress.com/item/1005012681807350.html,
CABEZA,LO-02-C11-E3,Trinchera,Titanio solida 39,Murph A/P,Trinchera,https://es.aliexpress.com/item/1005005301468458.html?,https://es.aliexpress.com/item/1005012681807350.html,
CABEZA,LO-02-C11-E4,Trinchera,Titanio solida 39,Khaki Seg Rojo,Trinchera,https://es.aliexpress.com/item/1005005301468458.html?,https://es.aliexpress.com/item/1005005292610859.html,
CABEZA,LO-02-C11-E5,Trinchera,Titanio solida 39,Khaki Seg Plata,Trinchera,https://es.aliexpress.com/item/1005005301468458.html?,https://es.aliexpress.com/item/1005005292610859.html,
CABEZA,LO-02-C12-E1,Trinchera,Plata cristal 39,Murph N/A,Trinchera,https://es.aliexpress.com/item/1005008932757286.html,https://es.aliexpress.com/item/1005012681807350.html,
CABEZA,LO-02-C12-E2,Trinchera,Plata cristal 39,Murph N/B,Trinchera,https://es.aliexpress.com/item/1005008932757286.html,https://es.aliexpress.com/item/1005012681807350.html,
CABEZA,LO-02-C12-E3,Trinchera,Plata cristal 39,Murph A/P,Trinchera,https://es.aliexpress.com/item/1005008932757286.html,https://es.aliexpress.com/item/1005012681807350.html,
CABEZA,LO-02-C12-E4,Trinchera,Plata cristal 39,Khaki Seg Rojo,Trinchera,https://es.aliexpress.com/item/1005008932757286.html,https://es.aliexpress.com/item/1005005292610859.html,
CABEZA,LO-02-C12-E5,Trinchera,Plata cristal 39,Khaki Seg Plata,Trinchera,https://es.aliexpress.com/item/1005008932757286.html,https://es.aliexpress.com/item/1005005292610859.html,
CABEZA,LO-02-C13-E1,Trinchera,Bronce cristal 39,Murph N/A,Trinchera,https://es.aliexpress.com/item/1005008932757286.html,https://es.aliexpress.com/item/1005012681807350.html,
CABEZA,LO-02-C13-E2,Trinchera,Bronce cristal 39,Murph N/B,Trinchera,https://es.aliexpress.com/item/1005008932757286.html,https://es.aliexpress.com/item/1005012681807350.html,
CABEZA,LO-02-C13-E3,Trinchera,Bronce cristal 39,Murph A/P,Trinchera,https://es.aliexpress.com/item/1005008932757286.html,https://es.aliexpress.com/item/1005012681807350.html,
CABEZA,LO-02-C13-E4,Trinchera,Bronce cristal 39,Khaki Seg Rojo,Trinchera,https://es.aliexpress.com/item/1005008932757286.html,https://es.aliexpress.com/item/1005005292610859.html,
CABEZA,LO-02-C13-E5,Trinchera,Bronce cristal 39,Khaki Seg Plata,Trinchera,https://es.aliexpress.com/item/1005008932757286.html,https://es.aliexpress.com/item/1005005292610859.html,
CABEZA,LO-02-C14-E1,Trinchera,Negra cristal 39,Murph N/A,Trinchera,https://es.aliexpress.com/item/1005008932757286.html,https://es.aliexpress.com/item/1005012681807350.html,
CABEZA,LO-02-C14-E2,Trinchera,Negra cristal 39,Murph N/B,Trinchera,https://es.aliexpress.com/item/1005008932757286.html,https://es.aliexpress.com/item/1005012681807350.html,
CABEZA,LO-02-C14-E3,Trinchera,Negra cristal 39,Murph A/P,Trinchera,https://es.aliexpress.com/item/1005008932757286.html,https://es.aliexpress.com/item/1005012681807350.html,
CABEZA,LO-02-C14-E4,Trinchera,Negra cristal 39,Khaki Seg Rojo,Trinchera,https://es.aliexpress.com/item/1005008932757286.html,https://es.aliexpress.com/item/1005005292610859.html,
CABEZA,LO-02-C14-E5,Trinchera,Negra cristal 39,Khaki Seg Plata,Trinchera,https://es.aliexpress.com/item/1005008932757286.html,https://es.aliexpress.com/item/1005005292610859.html,
BRAZALETE,Brz-Piel-P01,Trinchera,Piel con liberación rápida,"Negro, pespunte blanco, hebilla mariposa plateada","Lunar, Cero Cero",https://es.aliexpress.com/item/1005007805649477.html,,
BRAZALETE,Brz-Piel-P02,Trinchera,Piel con liberación rápida,"Negro, pespunte blanco, hebilla clásica plateada","Lunar, Cero Cero",https://es.aliexpress.com/item/1005007805649477.html,,
BRAZALETE,Brz-Piel-P03,Trinchera,Piel con liberación rápida,"Negro, pespunte blanco, hebilla clásica negra","Lunar, Cero Cero",https://es.aliexpress.com/item/1005007805649477.html,,
BRAZALETE,Brz-Piel-P04,Trinchera,Piel con liberación rápida,"Negro, pespunte blanco, hebilla clásica de oro rosa","Lunar, Cero Cero",https://es.aliexpress.com/item/1005007805649477.html,,
BRAZALETE,Brz-Piel-P05,Trinchera,Piel con liberación rápida,"Negro, pespunte negro, hebilla mariposa plateada","Lunar, Cero Cero",https://es.aliexpress.com/item/1005007805649477.html,,
BRAZALETE,Brz-Piel-P06,Trinchera,Piel con liberación rápida,"Negro, pespunte negro, hebilla clásica plateada","Lunar, Cero Cero",https://es.aliexpress.com/item/1005007805649477.html,,
BRAZALETE,Brz-Piel-P07,Trinchera,Piel con liberación rápida,"Negro, pespunte negro, hebilla clásica negra","Lunar, Cero Cero",https://es.aliexpress.com/item/1005007805649477.html,,
BRAZALETE,Brz-Piel-P08,Trinchera,Piel con liberación rápida,"Negro, pespunte negro, hebilla clásica de oro rosa","Lunar, Cero Cero",https://es.aliexpress.com/item/1005007805649477.html,,
BRAZALETE,Brz-Piel-P09,Trinchera,Piel con liberación rápida,"Marrón oscuro, pespunte blanco, hebilla mariposa plateada","Lunar, Cero Cero",https://es.aliexpress.com/item/1005007805649477.html,,
BRAZALETE,Brz-Piel-P10,Trinchera,Piel con liberación rápida,"Marrón oscuro, pespunte blanco, hebilla clásica plateada","Lunar, Cero Cero",https://es.aliexpress.com/item/1005007805649477.html,,
BRAZALETE,Brz-Piel-P11,Trinchera,Piel con liberación rápida,"Marrón oscuro, pespunte blanco, hebilla clásica negra","Lunar, Cero Cero",https://es.aliexpress.com/item/1005007805649477.html,,
BRAZALETE,Brz-Piel-P12,Trinchera,Piel con liberación rápida,"Marrón oscuro, pespunte blanco, hebilla clásica de oro rosa","Lunar, Cero Cero",https://es.aliexpress.com/item/1005007805649477.html,,
BRAZALETE,Brz-Piel-P13,Trinchera,Piel con liberación rápida,"Marrón oscuro, pespunte negro, hebilla mariposa plateada","Lunar, Cero Cero",https://es.aliexpress.com/item/1005007805649477.html,,
BRAZALETE,Brz-Piel-P14,Trinchera,Piel con liberación rápida,"Marrón oscuro, pespunte negro, hebilla clásica plateada","Lunar, Cero Cero",https://es.aliexpress.com/item/1005007805649477.html,,
BRAZALETE,Brz-Piel-P15,Trinchera,Piel con liberación rápida,"Marrón oscuro, pespunte negro, hebilla clásica negra","Lunar, Cero Cero",https://es.aliexpress.com/item/1005007805649477.html,,
BRAZALETE,Brz-Piel-P16,Trinchera,Piel con liberación rápida,"Marrón oscuro, pespunte negro, hebilla clásica de oro rosa","Lunar, Cero Cero",https://es.aliexpress.com/item/1005007805649477.html,,
BRAZALETE,Brz-Piel-P17,Trinchera,Piel con liberación rápida,"Azul, pespunte blanco, hebilla mariposa plateada","Lunar, Cero Cero",https://es.aliexpress.com/item/1005007805649477.html,,
BRAZALETE,Brz-Piel-P18,Trinchera,Piel con liberación rápida,"Azul, pespunte blanco, hebilla clásica plateada","Lunar, Cero Cero",https://es.aliexpress.com/item/1005007805649477.html,,
BRAZALETE,Brz-Piel-P19,Trinchera,Piel con liberación rápida,"Azul, pespunte blanco, hebilla clásica negra","Lunar, Cero Cero",https://es.aliexpress.com/item/1005007805649477.html,,
BRAZALETE,Brz-Piel-P20,Trinchera,Piel con liberación rápida,"Azul, pespunte blanco, hebilla clásica de oro rosa","Lunar, Cero Cero",https://es.aliexpress.com/item/1005007805649477.html,,
BRAZALETE,Brz-Piel-P21,Trinchera,Piel con liberación rápida,"Azul, pespunte negro, hebilla mariposa plateada","Lunar, Cero Cero",https://es.aliexpress.com/item/1005007805649477.html,,
BRAZALETE,Brz-Piel-P22,Trinchera,Piel con liberación rápida,"Azul, pespunte negro, hebilla clásica plateada","Lunar, Cero Cero",https://es.aliexpress.com/item/1005007805649477.html,,
BRAZALETE,Brz-Piel-P23,Trinchera,Piel con liberación rápida,"Azul, pespunte negro, hebilla clásica negra","Lunar, Cero Cero",https://es.aliexpress.com/item/1005007805649477.html,,
BRAZALETE,Brz-Piel-P24,Trinchera,Piel con liberación rápida,"Azul, pespunte negro, hebilla clásica de oro rosa","Lunar, Cero Cero",https://es.aliexpress.com/item/1005007805649477.html,,
BRAZALETE,Brz-Piel-P25,Trinchera,Piel con liberación rápida,"Verde, pespunte blanco, hebilla mariposa plateada","Lunar, Cero Cero",https://es.aliexpress.com/item/1005007805649477.html,,
BRAZALETE,Brz-Piel-P26,Trinchera,Piel con liberación rápida,"Verde, pespunte blanco, hebilla clásica plateada","Lunar, Cero Cero",https://es.aliexpress.com/item/1005007805649477.html,,
BRAZALETE,Brz-Piel-P27,Trinchera,Piel con liberación rápida,"Verde, pespunte blanco, hebilla clásica negra","Lunar, Cero Cero",https://es.aliexpress.com/item/1005007805649477.html,,
BRAZALETE,Brz-Piel-P28,Trinchera,Piel con liberación rápida,"Verde, pespunte blanco, hebilla clásica de oro rosa","Lunar, Cero Cero",https://es.aliexpress.com/item/1005007805649477.html,,
BRAZALETE,Brz-Piel-P29,Trinchera,Piel con liberación rápida,"Verde, pespunte a tono, hebilla mariposa plateada","Lunar, Cero Cero",https://es.aliexpress.com/item/1005007805649477.html,,
BRAZALETE,Brz-Piel-P30,Trinchera,Piel con liberación rápida,"Verde, pespunte a tono, hebilla clásica plateada","Lunar, Cero Cero",https://es.aliexpress.com/item/1005007805649477.html,,
BRAZALETE,Brz-Piel-P31,Trinchera,Piel con liberación rápida,"Verde, pespunte a tono, hebilla clásica negra","Lunar, Cero Cero",https://es.aliexpress.com/item/1005007805649477.html,,
BRAZALETE,Brz-Sintetica-P50,Trinchera,Piel con liberación rápida,"Verde, pespunte a tono, hebilla clásica de oro rosa","Lunar, Cero Cero",https://es.aliexpress.com/item/1005007805649477.html,,
BRAZALETE,Brz-Sintetica-P51,Trinchera,"Piel sintética, hebilla mariposa",Marrón,"Lunar, Cero Cero",https://es.aliexpress.com/item/1005007038154540.html,,
BRAZALETE,Brz-Sintetica-P52,Trinchera,"Piel sintética, hebilla mariposa",Negro,"Lunar, Cero Cero",https://es.aliexpress.com/item/1005007038154540.html,,
BRAZALETE,Brz-Sintetica-P53,Trinchera,"Piel sintética, hebilla mariposa",Negro con pespunte blanco,"Lunar, Cero Cero",https://es.aliexpress.com/item/1005007038154540.html,,
BRAZALETE,Brz-Sintetica-P54,Trinchera,"Piel sintética, hebilla mariposa",Marrón con pespunte blanco,"Lunar, Cero Cero",https://es.aliexpress.com/item/1005007038154540.html,,
BRAZALETE,Brz-Sintetica-P55,Trinchera,"Piel sintética, hebilla mariposa",Marrón claro,"Lunar, Cero Cero",https://es.aliexpress.com/item/1005007038154540.html,,
BRAZALETE,Brz-Ante-P70,Trinchera,Ante,Marrón oscuro,"Lunar, Cero Cero",https://es.aliexpress.com/item/1005007894134908.html,,
BRAZALETE,Brz-Ante-P71,Trinchera,Ante,Marrón claro,"Lunar, Cero Cero",https://es.aliexpress.com/item/1005007894134908.html,,
BRAZALETE,Brz-Ante-P72,Trinchera,Ante,Negro,"Lunar, Cero Cero",https://es.aliexpress.com/item/1005007894134908.html,,
BRAZALETE,Brz-Ante-P73,Trinchera,Ante,Azul,"Lunar, Cero Cero",https://es.aliexpress.com/item/1005007894134908.html,,
BRAZALETE,Brz-Nailon-N01,Trinchera,"Tela de vela, hebilla mariposa",Rojo,Trinchera,https://es.aliexpress.com/item/1005009043250178.html,,
BRAZALETE,Brz-Nailon-N02,Trinchera,"Tela de vela, hebilla mariposa",Naranja,Trinchera,https://es.aliexpress.com/item/1005009043250178.html,,
BRAZALETE,Brz-Nailon-N03,Trinchera,"Tela de vela, hebilla mariposa",Gris,Trinchera,https://es.aliexpress.com/item/1005009043250178.html,,
BRAZALETE,Brz-Nailon-N04,Trinchera,"Tela de vela, hebilla mariposa",Negro,Trinchera,https://es.aliexpress.com/item/1005009043250178.html,,
BRAZALETE,Brz-Nailon-N05,Trinchera,"Tela de vela, hebilla mariposa",Azul,Trinchera,https://es.aliexpress.com/item/1005009043250178.html,,
BRAZALETE,Brz-Nailon-N06,Trinchera,"Tela de vela, hebilla mariposa",Verde,Trinchera,https://es.aliexpress.com/item/1005009043250178.html,,
BRAZALETE,Brz-Nailon-N07,Trinchera,"Tela de vela, hebilla mariposa",Caqui,Trinchera,https://es.aliexpress.com/item/1005009043250178.html,,
BRAZALETE,Brz-Lona-L01,Trinchera,"Lona de nailon, liberación rápida",Negro,Trinchera,https://es.aliexpress.com/item/1005010228796680.html,,
BRAZALETE,Brz-Lona-L02,Trinchera,"Lona de nailon, liberación rápida",Negro hebilla negra,Trinchera,https://es.aliexpress.com/item/1005010228796680.html,,
BRAZALETE,Brz-Lona-L03,Trinchera,"Lona de nailon, liberación rápida",Gris,Trinchera,https://es.aliexpress.com/item/1005010228796680.html,,
BRAZALETE,Brz-Lona-L04,Trinchera,"Lona de nailon, liberación rápida",Gris hebilla negra,Trinchera,https://es.aliexpress.com/item/1005010228796680.html,,
BRAZALETE,Brz-Lona-L05,Trinchera,"Lona de nailon, liberación rápida",Verde militar,Trinchera,https://es.aliexpress.com/item/1005010228796680.html,,
BRAZALETE,Brz-Lona-L06,Trinchera,"Lona de nailon, liberación rápida",Verde militar hebilla negra,Trinchera,https://es.aliexpress.com/item/1005010228796680.html,,
BRAZALETE,Brz-Lona-L07,Trinchera,"Lona de nailon, liberación rápida",Azul marino,Trinchera,https://es.aliexpress.com/item/1005010228796680.html,,
BRAZALETE,Brz-Lona-L08,Trinchera,"Lona de nailon, liberación rápida",Caqui hebilla negra,Trinchera,https://es.aliexpress.com/item/1005010228796680.html,,
BRAZALETE,Brz-Lona-L09,Trinchera,"Lona de nailon, liberación rápida",Caqui,Trinchera,https://es.aliexpress.com/item/1005010228796680.html,,
BRAZALETE,Brz-Lona-L10,Trinchera,"Lona de nailon, liberación rápida",Azul marino hebilla negra,"Lunar, Cero Cero",https://es.aliexpress.com/item/1005010228796680.html,,
CABEZA,LO-03-C1-E1,Lunar,Bisel Negro,Negra,Lunar,https://es.aliexpress.com/item/1005012383900167.html,https://es.aliexpress.com/item/1005011965146825.html,SI
CABEZA,LO-03-C1-E2,Lunar,Bisel Negro,Blanca,Lunar,https://es.aliexpress.com/item/1005012383900167.html,https://es.aliexpress.com/item/1005011965146825.html,
CABEZA,LO-03-C1-E3,Lunar,Bisel Negro,Azul,Lunar,https://es.aliexpress.com/item/1005012383900167.html,https://es.aliexpress.com/item/1005011965146825.html,
CABEZA,LO-03-C2-E1,Lunar,Bisel Azul,Negra,Lunar,https://es.aliexpress.com/item/1005012383900167.html,https://es.aliexpress.com/item/1005011965146825.html,
CABEZA,LO-03-C2-E2,Lunar,Bisel Azul,Blanca,Lunar,https://es.aliexpress.com/item/1005012383900167.html,https://es.aliexpress.com/item/1005011965146825.html,
CABEZA,LO-03-C2-E3,Lunar,Bisel Azul,Azul,Lunar,https://es.aliexpress.com/item/1005012383900167.html,https://es.aliexpress.com/item/1005011965146825.html,
BRAZALETE,Brz-316-A01,Lunar,"Acero 316L, cinco eslabones",Única,"Lunar, Cero Cero, Tortuga",https://es.aliexpress.com/item/1005007891583645.html,,SI
BRAZALETE,Brz-316-A02,Lunar,"Acero 316L, cierre desplegable",Plata,"Lunar, Cero Cero, Tortuga",https://es.aliexpress.com/item/1005008728294161.html,,
BRAZALETE,Brz-316-A03,Lunar,"Acero 316L, cierre desplegable",Plata y oro rosa,"Lunar, Cero Cero, Tortuga",https://es.aliexpress.com/item/1005008728294161.html,,
BRAZALETE,Brz-316-A04,Lunar,"Acero 316L, cierre desplegable",Negro,"Lunar, Cero Cero, Tortuga",https://es.aliexpress.com/item/1005008728294161.html,,
BRAZALETE,Brz-316-A05,Lunar,Acero 316L macizo,Tres eslabones,"Lunar, Cero Cero, Tortuga",https://es.aliexpress.com/item/1005006729305423.html,,
BRAZALETE,Brz-316-A06,Lunar,Acero 316L macizo,Cinco eslabones,"Lunar, Cero Cero, Tortuga",https://es.aliexpress.com/item/1005006729305423.html,,
BRAZALETE,Brz-316-A07,Lunar,Acero 316L macizo,Nueve eslabones,"Lunar, Cero Cero, Tortuga",https://es.aliexpress.com/item/1005006729305423.html,,
BRAZALETE,Brz-316-A10,Lunar,"Acero 316L macizo, eslabón ancho",Tres eslabones,"Lunar, Cero Cero, Tortuga",https://es.aliexpress.com/item/1005012743124313.html,,
BRAZALETE,Brz-316-A11,Lunar,"Acero 316L macizo, eslabón fino",Cinco eslabones,"Lunar, Cero Cero, Tortuga",https://es.aliexpress.com/item/1005012743124313.html,,
BRAZALETE,Brz-904-A12,Lunar,Acero 904L macizo,Mate cepillado,"Lunar, Cero Cero, Tortuga",https://es.aliexpress.com/item/1005012594384366.html,,
BRAZALETE,Brz-904-A13,Lunar,Acero 904L macizo,Brillante pulido,"Lunar, Cero Cero, Tortuga",https://es.aliexpress.com/item/1005012594384366.html,,
BRAZALETE,Brz-904-A14,Lunar,"Acero 904L, eslabones planos",Plata 5 eslabones,"Lunar, Cero Cero",https://es.aliexpress.com/item/1005008523066119.html,,
BRAZALETE,Brz-904-A15,Lunar,"Acero 904L, eslabones planos",Plata / Oro rosa 5 eslabones,"Lunar, Cero Cero",https://es.aliexpress.com/item/1005008523066119.html,,
BRAZALETE,Brz-904-A16,Lunar,"Acero 904L, eslabones planos",Negro 5 eslabones,"Lunar, Cero Cero",https://es.aliexpress.com/item/1005008523066119.html,,
BRAZALETE,Brz-904-A17,Lunar,"Acero 904L, eslabones planos",Plata 3 eslabones cepillado/mate,"Lunar, Cero Cero",https://es.aliexpress.com/item/1005008523066119.html,,
BRAZALETE,Brz-904-A18,Lunar,"Acero 904L, eslabones planos",Plata 3 eslabones pulido,"Lunar, Cero Cero",https://es.aliexpress.com/item/1005008523066119.html,,
BRAZALETE,Brz-904-A19,Lunar,"Acero 904L, eslabones planos",Negro 3 eslabones pulido,"Lunar, Cero Cero",https://es.aliexpress.com/item/1005008523066119.html,,
BRAZALETE,Brz-904-A20,Lunar,"Acero 904L, eslabones planos",Plata / Oro Rosa 3 eslabones pulido,"Lunar, Cero Cero",https://es.aliexpress.com/item/1005008523066119.html,,
BRAZALETE,Brz-Goma-G01,Lunar,Caucho con hebilla de acero,Negro,"Lunar, Cero Cero",https://es.aliexpress.com/item/1005010706660703.html,,
BRAZALETE,Brz-Goma-G02,Lunar,Caucho con hebilla de acero,Blanco,"Lunar, Cero Cero",https://es.aliexpress.com/item/1005010706660703.html,,
BRAZALETE,Brz-Goma-G03,Lunar,Caucho con hebilla de acero,Rojo,"Lunar, Cero Cero",https://es.aliexpress.com/item/1005010706660703.html,,
BRAZALETE,Brz-Goma-G04,Lunar,Caucho con hebilla de acero,Naranja,"Lunar, Cero Cero",https://es.aliexpress.com/item/1005010706660703.html,,
BRAZALETE,Brz-Goma-G05,Lunar,Caucho con hebilla de acero,Azul,"Lunar, Cero Cero",https://es.aliexpress.com/item/1005010706660703.html,,
BRAZALETE,Brz-Goma-G06,Lunar,Caucho con hebilla de acero,Marrón,"Lunar, Cero Cero",https://es.aliexpress.com/item/1005010706660703.html,,
BRAZALETE,Brz-Goma-G07,Lunar,Caucho con hebilla de acero,Gris,"Lunar, Cero Cero",https://es.aliexpress.com/item/1005010706660703.html,,
BRAZALETE,Brz-Caucho-C01,Lunar,"Caucho fluorado, cierre desplegable",Azul real blanco 01,"Lunar, Cero Cero",https://es.aliexpress.com/item/1005010530116265.html,,
BRAZALETE,Brz-Caucho-C02,Lunar,"Caucho fluorado, cierre desplegable",Negro blanco,"Lunar, Cero Cero",https://es.aliexpress.com/item/1005010530116265.html,,
BRAZALETE,Brz-Caucho-C03,Lunar,"Caucho fluorado, cierre desplegable",Negro negro,"Lunar, Cero Cero",https://es.aliexpress.com/item/1005010530116265.html,,
BRAZALETE,Brz-Caucho-C04,Lunar,"Caucho fluorado, cierre desplegable",Verde militar blanco,"Lunar, Cero Cero",https://es.aliexpress.com/item/1005010530116265.html,,
BRAZALETE,Brz-Caucho-C05,Lunar,"Caucho fluorado, cierre desplegable",Azul real blanco,"Lunar, Cero Cero",https://es.aliexpress.com/item/1005010530116265.html,,
BRAZALETE,Brz-Caucho-C06,Lunar,"Caucho fluorado, cierre desplegable",Rojo blanco,"Lunar, Cero Cero",https://es.aliexpress.com/item/1005010530116265.html,,
BRAZALETE,Brz-Caucho-C07,Lunar,"Caucho fluorado, cierre desplegable",Naranja blanco,"Lunar, Cero Cero",https://es.aliexpress.com/item/1005010530116265.html,,
BRAZALETE,Brz-Caucho-C08,Lunar,"Caucho fluorado, cierre desplegable",Gris blanco,"Lunar, Cero Cero",https://es.aliexpress.com/item/1005010530116265.html,,
BRAZALETE,Brz-Caucho-C09,Lunar,"Caucho fluorado, cierre desplegable",Beige blanco,"Lunar, Cero Cero",https://es.aliexpress.com/item/1005010530116265.html,,
BRAZALETE,Brz-Caucho-C10,Lunar,"Caucho fluorado, cierre desplegable",Negro blanco 01,"Lunar, Cero Cero",https://es.aliexpress.com/item/1005010530116265.html,,
BRAZALETE,Brz-Caucho-C11,Lunar,"Caucho fluorado, cierre desplegable",Negro negro 01,"Lunar, Cero Cero",https://es.aliexpress.com/item/1005010530116265.html,,
BRAZALETE,Brz-Caucho-C12,Lunar,"Caucho fluorado, cierre desplegable",Verde militar blanco 01,"Lunar, Cero Cero",https://es.aliexpress.com/item/1005010530116265.html,,
BRAZALETE,Brz-Caucho-C13,Lunar,"Caucho fluorado, cierre desplegable",Rojo blanco 01,"Lunar, Cero Cero",https://es.aliexpress.com/item/1005010530116265.html,,
BRAZALETE,Brz-Caucho-C14,Lunar,"Caucho fluorado, cierre desplegable",Naranja blanco 01,"Lunar, Cero Cero",https://es.aliexpress.com/item/1005010530116265.html,,
BRAZALETE,Brz-Caucho-C15,Lunar,"Caucho fluorado, cierre desplegable",Gris blanco 01,"Lunar, Cero Cero",https://es.aliexpress.com/item/1005010530116265.html,,
BRAZALETE,Brz-Caucho-C16,Lunar,"Caucho fluorado, cierre desplegable",Beige blanco 01,"Lunar, Cero Cero",https://es.aliexpress.com/item/1005010530116265.html,,
BRAZALETE,Brz-Caucho-C17,Lunar,"Caucho fluorado, cierre desplegable",Negro blanco 02,"Lunar, Cero Cero",https://es.aliexpress.com/item/1005010530116265.html,,
BRAZALETE,Brz-Caucho-C18,Lunar,"Caucho fluorado, cierre desplegable",Negro negro 02,"Lunar, Cero Cero",https://es.aliexpress.com/item/1005010530116265.html,,
BRAZALETE,Brz-Caucho-C19,Lunar,"Caucho fluorado, cierre desplegable",Verde militar blanco 02,"Lunar, Cero Cero",https://es.aliexpress.com/item/1005010530116265.html,,
BRAZALETE,Brz-Caucho-C20,Lunar,"Caucho fluorado, cierre desplegable",Rojo blanco 02,"Lunar, Cero Cero",https://es.aliexpress.com/item/1005010530116265.html,,
BRAZALETE,Brz-Caucho-C21,Lunar,"Caucho fluorado, cierre desplegable",Naranja blanco 02,"Lunar, Cero Cero",https://es.aliexpress.com/item/1005010530116265.html,,
BRAZALETE,Brz-Caucho-C22,Lunar,"Caucho fluorado, cierre desplegable",Gris blanco 02,"Lunar, Cero Cero",https://es.aliexpress.com/item/1005010530116265.html,,
BRAZALETE,Brz-Caucho-C23,Lunar,"Caucho fluorado, cierre desplegable",Blanco blanco 01,"Lunar, Cero Cero",https://es.aliexpress.com/item/1005010530116265.html,,
BRAZALETE,Brz-Caucho-C24,Lunar,"Caucho fluorado, cierre desplegable",Blanco blanco 02,"Lunar, Cero Cero",https://es.aliexpress.com/item/1005010530116265.html,,
BRAZALETE,Brz-Caucho-C25,Lunar,"Caucho fluorado, cierre desplegable",Marrón blanco 01,"Lunar, Cero Cero",https://es.aliexpress.com/item/1005010530116265.html,,
BRAZALETE,Brz-Caucho-C26,Lunar,"Caucho fluorado, cierre desplegable",Azul real blanco 02,"Lunar, Cero Cero",https://es.aliexpress.com/item/1005010530116265.html,,
BRAZALETE,Brz-Caucho-C27,Lunar,"Caucho fluorado, cierre desplegable",Marrón blanco 02,"Lunar, Cero Cero",https://es.aliexpress.com/item/1005010530116265.html,,
BRAZALETE,Brz-Caucho-C28,Lunar,"Caucho fluorado, cierre desplegable",Blanco blanco,"Lunar, Cero Cero",https://es.aliexpress.com/item/1005010530116265.html,,
BRAZALETE,Brz-Caucho-C29,Lunar,"Caucho fluorado, cierre desplegable",Marrón blanco,"Lunar, Cero Cero",https://es.aliexpress.com/item/1005010530116265.html,,
BRAZALETE,Brz-Caucho-C30,Lunar,"Caucho fluorado, cierre desplegable",Beige blanco 02,"Lunar, Cero Cero",https://es.aliexpress.com/item/1005010530116265.html,,
CABEZA,LO-04-C1-E1,Bitácora,Plata,Turquesa,Bitácora,https://es.aliexpress.com/item/1005009334813123.html,https://es.aliexpress.com/item/1005012653959131.html,
CABEZA,LO-04-C1-E2,Bitácora,Plata,Blanca,Bitácora,https://es.aliexpress.com/item/1005009334813123.html,https://es.aliexpress.com/item/1005012653959131.html,
CABEZA,LO-04-C1-E3,Bitácora,Plata,Negra,Bitácora,https://es.aliexpress.com/item/1005009334813123.html,https://es.aliexpress.com/item/1005012653959131.html,
CABEZA,LO-04-C1-E4,Bitácora,Plata,Azul,Bitácora,https://es.aliexpress.com/item/1005009334813123.html,https://es.aliexpress.com/item/1005012653959131.html,
CABEZA,LO-04-C1-E5,Bitácora,Plata,Gris,Bitácora,https://es.aliexpress.com/item/1005009334813123.html,https://es.aliexpress.com/item/1005012653959131.html,
CABEZA,LO-04-C2-E1,Bitácora,Oro,Turquesa,Bitácora,https://es.aliexpress.com/item/1005009334813123.html,https://es.aliexpress.com/item/1005012653959131.html,
CABEZA,LO-04-C2-E2,Bitácora,Oro,Blanca,Bitácora,https://es.aliexpress.com/item/1005009334813123.html,https://es.aliexpress.com/item/1005012653959131.html,
CABEZA,LO-04-C2-E3,Bitácora,Oro,Negra,Bitácora,https://es.aliexpress.com/item/1005009334813123.html,https://es.aliexpress.com/item/1005012653959131.html,
CABEZA,LO-04-C2-E4,Bitácora,Oro,Azul,Bitácora,https://es.aliexpress.com/item/1005009334813123.html,https://es.aliexpress.com/item/1005012653959131.html,
CABEZA,LO-04-C2-E5,Bitácora,Oro,Gris,Bitácora,https://es.aliexpress.com/item/1005009334813123.html,https://es.aliexpress.com/item/1005012653959131.html,
CABEZA,LO-04-C3-E1,Bitácora,Oro Rosa,Turquesa,Bitácora,https://es.aliexpress.com/item/1005009334813123.html,https://es.aliexpress.com/item/1005012653959131.html,
CABEZA,LO-04-C3-E2,Bitácora,Oro Rosa,Blanca,Bitácora,https://es.aliexpress.com/item/1005009334813123.html,https://es.aliexpress.com/item/1005012653959131.html,
CABEZA,LO-04-C3-E3,Bitácora,Oro Rosa,Negra,Bitácora,https://es.aliexpress.com/item/1005009334813123.html,https://es.aliexpress.com/item/1005012653959131.html,
CABEZA,LO-04-C3-E4,Bitácora,Oro Rosa,Azul,Bitácora,https://es.aliexpress.com/item/1005009334813123.html,https://es.aliexpress.com/item/1005012653959131.html,
CABEZA,LO-04-C3-E5,Bitácora,Oro Rosa,Gris,Bitácora,https://es.aliexpress.com/item/1005009334813123.html,https://es.aliexpress.com/item/1005012653959131.html,
CABEZA,LO-04-C4-E1,Bitácora,Negro,Turquesa,Bitácora,https://es.aliexpress.com/item/1005009334813123.html,https://es.aliexpress.com/item/1005012653959131.html,
CABEZA,LO-04-C4-E2,Bitácora,Negro,Blanca,Bitácora,https://es.aliexpress.com/item/1005009334813123.html,https://es.aliexpress.com/item/1005012653959131.html,
CABEZA,LO-04-C4-E3,Bitácora,Negro,Negra,Bitácora,https://es.aliexpress.com/item/1005009334813123.html,https://es.aliexpress.com/item/1005012653959131.html,
CABEZA,LO-04-C4-E4,Bitácora,Negro,Azul,Bitácora,https://es.aliexpress.com/item/1005009334813123.html,https://es.aliexpress.com/item/1005012653959131.html,
CABEZA,LO-04-C4-E5,Bitácora,Negro,Gris,Bitácora,https://es.aliexpress.com/item/1005009334813123.html,https://es.aliexpress.com/item/1005012653959131.html,
CABEZA,LO-04-C5-E1,Bitácora,Bronce,Turquesa,Bitácora,https://es.aliexpress.com/item/1005009334813123.html,https://es.aliexpress.com/item/1005012653959131.html,
CABEZA,LO-04-C5-E2,Bitácora,Bronce,Blanca,Bitácora,https://es.aliexpress.com/item/1005009334813123.html,https://es.aliexpress.com/item/1005012653959131.html,
CABEZA,LO-04-C5-E3,Bitácora,Bronce,Negra,Bitácora,https://es.aliexpress.com/item/1005009334813123.html,https://es.aliexpress.com/item/1005012653959131.html,
CABEZA,LO-04-C5-E4,Bitácora,Bronce,Azul,Bitácora,https://es.aliexpress.com/item/1005009334813123.html,https://es.aliexpress.com/item/1005012653959131.html,
CABEZA,LO-04-C5-E5,Bitácora,Bronce,Gris,Bitácora,https://es.aliexpress.com/item/1005009334813123.html,https://es.aliexpress.com/item/1005012653959131.html,
BRAZALETE,Brz-Goma-Bit-01,Bitácora,"Caucho integrado, hebilla mariposa",Negro,Bitacora,https://es.aliexpress.com/item/1005008948854215.html,,
BRAZALETE,Brz-Goma-Bit-02,Bitácora,"Caucho integrado, hebilla mariposa",Gris,Bitacora,https://es.aliexpress.com/item/1005008948854215.html,,
BRAZALETE,Brz-Goma-Bit-03,Bitácora,"Caucho integrado, hebilla mariposa",Azul,Bitacora,https://es.aliexpress.com/item/1005008948854215.html,,
BRAZALETE,Brz-Acero-Bit-01,Bitácora,"Acero integrado, cierre plegable",Plata,Bitacora,https://es.aliexpress.com/item/1005009252680462.html,,
BRAZALETE,Brz-Acero-Bit-02,Bitácora,"Acero integrado, cierre plegable",Negro,Bitacora,https://es.aliexpress.com/item/1005009252680462.html,,
BRAZALETE,Brz-Acero-Bit-03,Bitácora,"Acero integrado, cierre plegable",Azul,Bitacora,https://es.aliexpress.com/item/1005009252680462.html,,
BRAZALETE,Brz-Acero-Bit-04,Bitácora,"Acero integrado, cierre plegable",Oro,Bitacora,https://es.aliexpress.com/item/1005009252680462.html,,
BRAZALETE,Brz-Acero-Bit-05,Bitácora,"Acero integrado, cierre plegable",Plata y oro,Bitacora,https://es.aliexpress.com/item/1005009252680462.html,,
BRAZALETE,Brz-Acero-Bit-06,Bitácora,"Acero integrado, cierre plegable",Oro rosa,Bitacora,https://es.aliexpress.com/item/1005009252680462.html,,
BRAZALETE,Brz-Acero-Bit-07,Bitácora,"Acero integrado, cierre plegable",Plata y oro rosa,Bitacora,https://es.aliexpress.com/item/1005009252680462.html,,
