"Tipo","Referencia","Modelo","Nombre","Detalle","Se_usa_en","URL_pieza_1","URL_pieza_2"
"Cabeza","LO-01-C1-E1","Precisa","Plateado · Azul claro","Caja + esfera montadas","Precisa","https://es.aliexpress.com/item/1005008684803503.html","https://es.aliexpress.com/item/1005008683926798.html"
"Cabeza","LO-01-C1-E2","Precisa","Plateado · Azul oscuro","Caja + esfera montadas","Precisa","https://es.aliexpress.com/item/1005008684803503.html","https://es.aliexpress.com/item/1005008683926798.html"
"Cabeza","LO-01-C1-E3","Precisa","Plateado · Blanca","Caja + esfera montadas","Precisa","https://es.aliexpress.com/item/1005008684803503.html","https://es.aliexpress.com/item/1005008683926798.html"
"Cabeza","LO-01-C1-E4","Precisa","Plateado · Negra","Caja + esfera montadas","Precisa","https://es.aliexpress.com/item/1005008684803503.html","https://es.aliexpress.com/item/1005008683926798.html"
"Cabeza","LO-01-C1-E1","Precisa","Plateado · Azul claro","Caja + esfera montadas","Precisa","https://es.aliexpress.com/item/1005008684803503.html","https://es.aliexpress.com/item/1005008683926798.html"
"Cabeza","LO-01-C1-E2","Precisa","Plateado · Azul oscuro","Caja + esfera montadas","Precisa","https://es.aliexpress.com/item/1005008684803503.html","https://es.aliexpress.com/item/1005008683926798.html"
"Cabeza","LO-01-C1-E3","Precisa","Plateado · Blanca","Caja + esfera montadas","Precisa","https://es.aliexpress.com/item/1005008684803503.html","https://es.aliexpress.com/item/1005008683926798.html"
"Cabeza","LO-01-C1-E4","Precisa","Plateado · Negra","Caja + esfera montadas","Precisa","https://es.aliexpress.com/item/1005008684803503.html","https://es.aliexpress.com/item/1005008683926798.html"
"Cabeza","LO-02-C1-E1","Trinchera","Plata solida 36 · Murph N/A","Caja + esfera montadas","Trinchera","https://es.aliexpress.com/item/1005008932757286.html","https://es.aliexpress.com/item/1005012681807350.html"
"Cabeza","LO-02-C1-E2","Trinchera","Plata solida 36 · Murph N/B","Caja + esfera montadas","Trinchera","https://es.aliexpress.com/item/1005008932757286.html","https://es.aliexpress.com/item/1005012681807350.html"
"Cabeza","LO-02-C1-E3","Trinchera","Plata solida 36 · Murph A/P","Caja + esfera montadas","Trinchera","https://es.aliexpress.com/item/1005008932757286.html","https://es.aliexpress.com/item/1005012681807350.html"
"Cabeza","LO-02-C1-E4","Trinchera","Plata solida 36 · Khaki Seg Rojo","Caja + esfera montadas","Trinchera","https://es.aliexpress.com/item/1005008932757286.html","https://es.aliexpress.com/item/1005005292610859.html"
"Cabeza","LO-02-C1-E5","Trinchera","Plata solida 36 · Khaki Seg Plata","Caja + esfera montadas","Trinchera","https://es.aliexpress.com/item/1005008932757286.html","https://es.aliexpress.com/item/1005005292610859.html"
"Cabeza","LO-02-C2-E1","Trinchera","Bronce solida 36 · Murph N/A","Caja + esfera montadas","Trinchera","https://es.aliexpress.com/item/1005008932757286.html","https://es.aliexpress.com/item/1005012681807350.html"
"Cabeza","LO-02-C2-E2","Trinchera","Bronce solida 36 · Murph N/B","Caja + esfera montadas","Trinchera","https://es.aliexpress.com/item/1005008932757286.html","https://es.aliexpress.com/item/1005012681807350.html"
"Cabeza","LO-02-C2-E3","Trinchera","Bronce solida 36 · Murph A/P","Caja + esfera montadas","Trinchera","https://es.aliexpress.com/item/1005008932757286.html","https://es.aliexpress.com/item/1005012681807350.html"
"Cabeza","LO-02-C2-E4","Trinchera","Bronce solida 36 · Khaki Seg Rojo","Caja + esfera montadas","Trinchera","https://es.aliexpress.com/item/1005008932757286.html","https://es.aliexpress.com/item/1005005292610859.html"
"Cabeza","LO-02-C2-E5","Trinchera","Bronce solida 36 · Khaki Seg Plata","Caja + esfera montadas","Trinchera","https://es.aliexpress.com/item/1005008932757286.html","https://es.aliexpress.com/item/1005005292610859.html"
"Cabeza","LO-02-C3-E1","Trinchera","Negra solida 36 · Murph N/A","Caja + esfera montadas","Trinchera","https://es.aliexpress.com/item/1005008932757286.html","https://es.aliexpress.com/item/1005012681807350.html"
"Cabeza","LO-02-C3-E2","Trinchera","Negra solida 36 · Murph N/B","Caja + esfera montadas","Trinchera","https://es.aliexpress.com/item/1005008932757286.html","https://es.aliexpress.com/item/1005012681807350.html"
"Cabeza","LO-02-C3-E3","Trinchera","Negra solida 36 · Murph A/P","Caja + esfera montadas","Trinchera","https://es.aliexpress.com/item/1005008932757286.html","https://es.aliexpress.com/item/1005012681807350.html"
"Cabeza","LO-02-C3-E4","Trinchera","Negra solida 36 · Khaki Seg Rojo","Caja + esfera montadas","Trinchera","https://es.aliexpress.com/item/1005008932757286.html","https://es.aliexpress.com/item/1005005292610859.html"
"Cabeza","LO-02-C3-E5","Trinchera","Negra solida 36 · Khaki Seg Plata","Caja + esfera montadas","Trinchera","https://es.aliexpress.com/item/1005008932757286.html","https://es.aliexpress.com/item/1005005292610859.html"
"Cabeza","LO-02-C4-E1","Trinchera","Titanio solida 36 · Murph N/A","Caja + esfera montadas","Trinchera","https://es.aliexpress.com/item/1005005301468458.html?","https://es.aliexpress.com/item/1005012681807350.html"
"Cabeza","LO-02-C4-E2","Trinchera","Titanio solida 36 · Murph N/B","Caja + esfera montadas","Trinchera","https://es.aliexpress.com/item/1005005301468458.html?","https://es.aliexpress.com/item/1005012681807350.html"
"Cabeza","LO-02-C4-E3","Trinchera","Titanio solida 36 · Murph A/P","Caja + esfera montadas","Trinchera","https://es.aliexpress.com/item/1005005301468458.html?","https://es.aliexpress.com/item/1005012681807350.html"
"Cabeza","LO-02-C4-E4","Trinchera","Titanio solida 36 · Khaki Seg Rojo","Caja + esfera montadas","Trinchera","https://es.aliexpress.com/item/1005005301468458.html?","https://es.aliexpress.com/item/1005005292610859.html"
"Cabeza","LO-02-C4-E5","Trinchera","Titanio solida 36 · Khaki Seg Plata","Caja + esfera montadas","Trinchera","https://es.aliexpress.com/item/1005005301468458.html?","https://es.aliexpress.com/item/1005005292610859.html"
"Cabeza","LO-02-C5-E1","Trinchera","Plata cristal 36 · Murph N/A","Caja + esfera montadas","Trinchera","https://es.aliexpress.com/item/1005008932757286.html","https://es.aliexpress.com/item/1005012681807350.html"
"Cabeza","LO-02-C5-E2","Trinchera","Plata cristal 36 · Murph N/B","Caja + esfera montadas","Trinchera","https://es.aliexpress.com/item/1005008932757286.html","https://es.aliexpress.com/item/1005012681807350.html"
"Cabeza","LO-02-C5-E3","Trinchera","Plata cristal 36 · Murph A/P","Caja + esfera montadas","Trinchera","https://es.aliexpress.com/item/1005008932757286.html","https://es.aliexpress.com/item/1005012681807350.html"
"Cabeza","LO-02-C5-E4","Trinchera","Plata cristal 36 · Khaki Seg Rojo","Caja + esfera montadas","Trinchera","https://es.aliexpress.com/item/1005008932757286.html","https://es.aliexpress.com/item/1005005292610859.html"
"Cabeza","LO-02-C5-E5","Trinchera","Plata cristal 36 · Khaki Seg Plata","Caja + esfera montadas","Trinchera","https://es.aliexpress.com/item/1005008932757286.html","https://es.aliexpress.com/item/1005005292610859.html"
"Cabeza","LO-02-C6-E1","Trinchera","Bronce cristal 36 · Murph N/A","Caja + esfera montadas","Trinchera","https://es.aliexpress.com/item/1005008932757286.html","https://es.aliexpress.com/item/1005012681807350.html"
"Cabeza","LO-02-C6-E2","Trinchera","Bronce cristal 36 · Murph N/B","Caja + esfera montadas","Trinchera","https://es.aliexpress.com/item/1005008932757286.html","https://es.aliexpress.com/item/1005012681807350.html"
"Cabeza","LO-02-C6-E3","Trinchera","Bronce cristal 36 · Murph A/P","Caja + esfera montadas","Trinchera","https://es.aliexpress.com/item/1005008932757286.html","https://es.aliexpress.com/item/1005012681807350.html"
"Cabeza","LO-02-C6-E4","Trinchera","Bronce cristal 36 · Khaki Seg Rojo","Caja + esfera montadas","Trinchera","https://es.aliexpress.com/item/1005008932757286.html","https://es.aliexpress.com/item/1005005292610859.html"
"Cabeza","LO-02-C6-E5","Trinchera","Bronce cristal 36 · Khaki Seg Plata","Caja + esfera montadas","Trinchera","https://es.aliexpress.com/item/1005008932757286.html","https://es.aliexpress.com/item/1005005292610859.html"
"Cabeza","LO-02-C7-E1","Trinchera","Negra cristal 36 · Murph N/A","Caja + esfera montadas","Trinchera","https://es.aliexpress.com/item/1005008932757286.html","https://es.aliexpress.com/item/1005012681807350.html"
"Cabeza","LO-02-C7-E2","Trinchera","Negra cristal 36 · Murph N/B","Caja + esfera montadas","Trinchera","https://es.aliexpress.com/item/1005008932757286.html","https://es.aliexpress.com/item/1005012681807350.html"
"Cabeza","LO-02-C7-E3","Trinchera","Negra cristal 36 · Murph A/P","Caja + esfera montadas","Trinchera","https://es.aliexpress.com/item/1005008932757286.html","https://es.aliexpress.com/item/1005012681807350.html"
"Cabeza","LO-02-C7-E4","Trinchera","Negra cristal 36 · Khaki Seg Rojo","Caja + esfera montadas","Trinchera","https://es.aliexpress.com/item/1005008932757286.html","https://es.aliexpress.com/item/1005005292610859.html"
"Cabeza","LO-02-C7-E5","Trinchera","Negra cristal 36 · Khaki Seg Plata","Caja + esfera montadas","Trinchera","https://es.aliexpress.com/item/1005008932757286.html","https://es.aliexpress.com/item/1005005292610859.html"
"Cabeza","LO-02-C8-E1","Trinchera","Plata solida 39 · Murph N/A","Caja + esfera montadas","Trinchera","https://es.aliexpress.com/item/1005008932757286.html","https://es.aliexpress.com/item/1005012681807350.html"
"Cabeza","LO-02-C8-E2","Trinchera","Plata solida 39 · Murph N/B","Caja + esfera montadas","Trinchera","https://es.aliexpress.com/item/1005008932757286.html","https://es.aliexpress.com/item/1005012681807350.html"
"Cabeza","LO-02-C8-E3","Trinchera","Plata solida 39 · Murph A/P","Caja + esfera montadas","Trinchera","https://es.aliexpress.com/item/1005008932757286.html","https://es.aliexpress.com/item/1005012681807350.html"
"Cabeza","LO-02-C8-E4","Trinchera","Plata solida 39 · Khaki Seg Rojo","Caja + esfera montadas","Trinchera","https://es.aliexpress.com/item/1005008932757286.html","https://es.aliexpress.com/item/1005005292610859.html"
"Cabeza","LO-02-C8-E5","Trinchera","Plata solida 39 · Khaki Seg Plata","Caja + esfera montadas","Trinchera","https://es.aliexpress.com/item/1005008932757286.html","https://es.aliexpress.com/item/1005005292610859.html"
"Cabeza","LO-02-C9-E1","Trinchera","Bronce solida 39 · Murph N/A","Caja + esfera montadas","Trinchera","https://es.aliexpress.com/item/1005008932757286.html","https://es.aliexpress.com/item/1005012681807350.html"
"Cabeza","LO-02-C9-E2","Trinchera","Bronce solida 39 · Murph N/B","Caja + esfera montadas","Trinchera","https://es.aliexpress.com/item/1005008932757286.html","https://es.aliexpress.com/item/1005012681807350.html"
"Cabeza","LO-02-C9-E3","Trinchera","Bronce solida 39 · Murph A/P","Caja + esfera montadas","Trinchera","https://es.aliexpress.com/item/1005008932757286.html","https://es.aliexpress.com/item/1005012681807350.html"
"Cabeza","LO-02-C9-E4","Trinchera","Bronce solida 39 · Khaki Seg Rojo","Caja + esfera montadas","Trinchera","https://es.aliexpress.com/item/1005008932757286.html","https://es.aliexpress.com/item/1005005292610859.html"
"Cabeza","LO-02-C9-E5","Trinchera","Bronce solida 39 · Khaki Seg Plata","Caja + esfera montadas","Trinchera","https://es.aliexpress.com/item/1005008932757286.html","https://es.aliexpress.com/item/1005005292610859.html"
"Cabeza","LO-02-C10-E1","Trinchera","Negra solida 39 · Murph N/A","Caja + esfera montadas","Trinchera","https://es.aliexpress.com/item/1005008932757286.html","https://es.aliexpress.com/item/1005012681807350.html"
"Cabeza","LO-02-C10-E2","Trinchera","Negra solida 39 · Murph N/B","Caja + esfera montadas","Trinchera","https://es.aliexpress.com/item/1005008932757286.html","https://es.aliexpress.com/item/1005012681807350.html"
"Cabeza","LO-02-C10-E3","Trinchera","Negra solida 39 · Murph A/P","Caja + esfera montadas","Trinchera","https://es.aliexpress.com/item/1005008932757286.html","https://es.aliexpress.com/item/1005012681807350.html"
"Cabeza","LO-02-C10-E4","Trinchera","Negra solida 39 · Khaki Seg Rojo","Caja + esfera montadas","Trinchera","https://es.aliexpress.com/item/1005008932757286.html","https://es.aliexpress.com/item/1005005292610859.html"
"Cabeza","LO-02-C10-E5","Trinchera","Negra solida 39 · Khaki Seg Plata","Caja + esfera montadas","Trinchera","https://es.aliexpress.com/item/1005008932757286.html","https://es.aliexpress.com/item/1005005292610859.html"
"Cabeza","LO-02-C11-E1","Trinchera","Titanio solida 39 · Murph N/A","Caja + esfera montadas","Trinchera","https://es.aliexpress.com/item/1005005301468458.html?","https://es.aliexpress.com/item/1005012681807350.html"
"Cabeza","LO-02-C11-E2","Trinchera","Titanio solida 39 · Murph N/B","Caja + esfera montadas","Trinchera","https://es.aliexpress.com/item/1005005301468458.html?","https://es.aliexpress.com/item/1005012681807350.html"
"Cabeza","LO-02-C11-E3","Trinchera","Titanio solida 39 · Murph A/P","Caja + esfera montadas","Trinchera","https://es.aliexpress.com/item/1005005301468458.html?","https://es.aliexpress.com/item/1005012681807350.html"
"Cabeza","LO-02-C11-E4","Trinchera","Titanio solida 39 · Khaki Seg Rojo","Caja + esfera montadas","Trinchera","https://es.aliexpress.com/item/1005005301468458.html?","https://es.aliexpress.com/item/1005005292610859.html"
"Cabeza","LO-02-C11-E5","Trinchera","Titanio solida 39 · Khaki Seg Plata","Caja + esfera montadas","Trinchera","https://es.aliexpress.com/item/1005005301468458.html?","https://es.aliexpress.com/item/1005005292610859.html"
"Cabeza","LO-02-C12-E1","Trinchera","Plata cristal 39 · Murph N/A","Caja + esfera montadas","Trinchera","https://es.aliexpress.com/item/1005008932757286.html","https://es.aliexpress.com/item/1005012681807350.html"
"Cabeza","LO-02-C12-E2","Trinchera","Plata cristal 39 · Murph N/B","Caja + esfera montadas","Trinchera","https://es.aliexpress.com/item/1005008932757286.html","https://es.aliexpress.com/item/1005012681807350.html"
"Cabeza","LO-02-C12-E3","Trinchera","Plata cristal 39 · Murph A/P","Caja + esfera montadas","Trinchera","https://es.aliexpress.com/item/1005008932757286.html","https://es.aliexpress.com/item/1005012681807350.html"
"Cabeza","LO-02-C12-E4","Trinchera","Plata cristal 39 · Khaki Seg Rojo","Caja + esfera montadas","Trinchera","https://es.aliexpress.com/item/1005008932757286.html","https://es.aliexpress.com/item/1005005292610859.html"
"Cabeza","LO-02-C12-E5","Trinchera","Plata cristal 39 · Khaki Seg Plata","Caja + esfera montadas","Trinchera","https://es.aliexpress.com/item/1005008932757286.html","https://es.aliexpress.com/item/1005005292610859.html"
"Cabeza","LO-02-C13-E1","Trinchera","Bronce cristal 39 · Murph N/A","Caja + esfera montadas","Trinchera","https://es.aliexpress.com/item/1005008932757286.html","https://es.aliexpress.com/item/1005012681807350.html"
"Cabeza","LO-02-C13-E2","Trinchera","Bronce cristal 39 · Murph N/B","Caja + esfera montadas","Trinchera","https://es.aliexpress.com/item/1005008932757286.html","https://es.aliexpress.com/item/1005012681807350.html"
"Cabeza","LO-02-C13-E3","Trinchera","Bronce cristal 39 · Murph A/P","Caja + esfera montadas","Trinchera","https://es.aliexpress.com/item/1005008932757286.html","https://es.aliexpress.com/item/1005012681807350.html"
"Cabeza","LO-02-C13-E4","Trinchera","Bronce cristal 39 · Khaki Seg Rojo","Caja + esfera montadas","Trinchera","https://es.aliexpress.com/item/1005008932757286.html","https://es.aliexpress.com/item/1005005292610859.html"
"Cabeza","LO-02-C13-E5","Trinchera","Bronce cristal 39 · Khaki Seg Plata","Caja + esfera montadas","Trinchera","https://es.aliexpress.com/item/1005008932757286.html","https://es.aliexpress.com/item/1005005292610859.html"
"Cabeza","LO-02-C14-E1","Trinchera","Negra cristal 39 · Murph N/A","Caja + esfera montadas","Trinchera","https://es.aliexpress.com/item/1005008932757286.html","https://es.aliexpress.com/item/1005012681807350.html"
"Cabeza","LO-02-C14-E2","Trinchera","Negra cristal 39 · Murph N/B","Caja + esfera montadas","Trinchera","https://es.aliexpress.com/item/1005008932757286.html","https://es.aliexpress.com/item/1005012681807350.html"
"Cabeza","LO-02-C14-E3","Trinchera","Negra cristal 39 · Murph A/P","Caja + esfera montadas","Trinchera","https://es.aliexpress.com/item/1005008932757286.html","https://es.aliexpress.com/item/1005012681807350.html"
"Cabeza","LO-02-C14-E4","Trinchera","Negra cristal 39 · Khaki Seg Rojo","Caja + esfera montadas","Trinchera","https://es.aliexpress.com/item/1005008932757286.html","https://es.aliexpress.com/item/1005005292610859.html"
"Cabeza","LO-02-C14-E5","Trinchera","Negra cristal 39 · Khaki Seg Plata","Caja + esfera montadas","Trinchera","https://es.aliexpress.com/item/1005008932757286.html","https://es.aliexpress.com/item/1005005292610859.html"
"Cabeza","LO-03-C1-E1","Lunar","Bisel Negro · Negra","Caja + esfera montadas","Lunar","https://es.aliexpress.com/item/1005012383900167.html","https://es.aliexpress.com/item/1005011965146825.html"
"Cabeza","LO-03-C1-E2","Lunar","Bisel Negro · Blanca","Caja + esfera montadas","Lunar","https://es.aliexpress.com/item/1005012383900167.html","https://es.aliexpress.com/item/1005011965146825.html"
"Cabeza","LO-03-C2-E2","Lunar","Bisel Azul · Blanca","Caja + esfera montadas","Lunar","https://es.aliexpress.com/item/1005012383900167.html","https://es.aliexpress.com/item/1005011965146825.html"
"Cabeza","LO-03-C2-E3","Lunar","Bisel Azul · Azul","Caja + esfera montadas","Lunar","https://es.aliexpress.com/item/1005012383900167.html","https://es.aliexpress.com/item/1005011965146825.html"
"Cabeza","LO-04-C1-E1","Bitácora","Plata cristal · Tiffany","Caja + esfera montadas","Bitácora","https://es.aliexpress.com/item/1005009334813123.html","https://es.aliexpress.com/item/1005012653959131.html"
"Cabeza","LO-04-C1-E2","Bitácora","Plata cristal · Blanca","Caja + esfera montadas","Bitácora","https://es.aliexpress.com/item/1005009334813123.html","https://es.aliexpress.com/item/1005012653959131.html"
"Cabeza","LO-04-C1-E3","Bitácora","Plata cristal · Negra","Caja + esfera montadas","Bitácora","https://es.aliexpress.com/item/1005009334813123.html","https://es.aliexpress.com/item/1005012653959131.html"
"Cabeza","LO-04-C1-E4","Bitácora","Plata cristal · Azul","Caja + esfera montadas","Bitácora","https://es.aliexpress.com/item/1005009334813123.html","https://es.aliexpress.com/item/1005012653959131.html"
"Cabeza","LO-04-C1-E5","Bitácora","Plata cristal · Gris","Caja + esfera montadas","Bitácora","https://es.aliexpress.com/item/1005009334813123.html","https://es.aliexpress.com/item/1005012653959131.html"
"Cabeza","LO-04-C2-E1","Bitácora","Oro Cristal · Tiffany","Caja + esfera montadas","Bitácora","https://es.aliexpress.com/item/1005009334813123.html","https://es.aliexpress.com/item/1005012653959131.html"
"Cabeza","LO-04-C2-E2","Bitácora","Oro Cristal · Blanca","Caja + esfera montadas","Bitácora","https://es.aliexpress.com/item/1005009334813123.html","https://es.aliexpress.com/item/1005012653959131.html"
"Cabeza","LO-04-C2-E3","Bitácora","Oro Cristal · Negra","Caja + esfera montadas","Bitácora","https://es.aliexpress.com/item/1005009334813123.html","https://es.aliexpress.com/item/1005012653959131.html"
"Cabeza","LO-04-C2-E4","Bitácora","Oro Cristal · Azul","Caja + esfera montadas","Bitácora","https://es.aliexpress.com/item/1005009334813123.html","https://es.aliexpress.com/item/1005012653959131.html"
"Cabeza","LO-04-C2-E5","Bitácora","Oro Cristal · Gris","Caja + esfera montadas","Bitácora","https://es.aliexpress.com/item/1005009334813123.html","https://es.aliexpress.com/item/1005012653959131.html"
"Cabeza","LO-04-C3-E1","Bitácora","Oro Rosa Cristal · Tiffany","Caja + esfera montadas","Bitácora","https://es.aliexpress.com/item/1005009334813123.html","https://es.aliexpress.com/item/1005012653959131.html"
"Cabeza","LO-04-C3-E2","Bitácora","Oro Rosa Cristal · Blanca","Caja + esfera montadas","Bitácora","https://es.aliexpress.com/item/1005009334813123.html","https://es.aliexpress.com/item/1005012653959131.html"
"Cabeza","LO-04-C3-E3","Bitácora","Oro Rosa Cristal · Negra","Caja + esfera montadas","Bitácora","https://es.aliexpress.com/item/1005009334813123.html","https://es.aliexpress.com/item/1005012653959131.html"
"Cabeza","LO-04-C3-E4","Bitácora","Oro Rosa Cristal · Azul","Caja + esfera montadas","Bitácora","https://es.aliexpress.com/item/1005009334813123.html","https://es.aliexpress.com/item/1005012653959131.html"
"Cabeza","LO-04-C3-E5","Bitácora","Oro Rosa Cristal · Gris","Caja + esfera montadas","Bitácora","https://es.aliexpress.com/item/1005009334813123.html","https://es.aliexpress.com/item/1005012653959131.html"
"Cabeza","LO-04-C4-E1","Bitácora","Negro Cristal · Tiffany","Caja + esfera montadas","Bitácora","https://es.aliexpress.com/item/1005009334813123.html","https://es.aliexpress.com/item/1005012653959131.html"
"Cabeza","LO-04-C4-E2","Bitácora","Negro Cristal · Blanca","Caja + esfera montadas","Bitácora","https://es.aliexpress.com/item/1005009334813123.html","https://es.aliexpress.com/item/1005012653959131.html"
"Cabeza","LO-04-C4-E3","Bitácora","Negro Cristal · Negra","Caja + esfera montadas","Bitácora","https://es.aliexpress.com/item/1005009334813123.html","https://es.aliexpress.com/item/1005012653959131.html"
"Cabeza","LO-04-C4-E4","Bitácora","Negro Cristal · Azul","Caja + esfera montadas","Bitácora","https://es.aliexpress.com/item/1005009334813123.html","https://es.aliexpress.com/item/1005012653959131.html"
"Cabeza","LO-04-C4-E5","Bitácora","Negro Cristal · Gris","Caja + esfera montadas","Bitácora","https://es.aliexpress.com/item/1005009334813123.html","https://es.aliexpress.com/item/1005012653959131.html"
"Cabeza","LO-04-C5-E1","Bitácora","Bronce Cristal · Tiffany","Caja + esfera montadas","Bitácora","https://es.aliexpress.com/item/1005009334813123.html","https://es.aliexpress.com/item/1005012653959131.html"
"Cabeza","LO-04-C5-E2","Bitácora","Bronce Cristal · Blanca","Caja + esfera montadas","Bitácora","https://es.aliexpress.com/item/1005009334813123.html","https://es.aliexpress.com/item/1005012653959131.html"
"Cabeza","LO-04-C5-E3","Bitácora","Bronce Cristal · Negra","Caja + esfera montadas","Bitácora","https://es.aliexpress.com/item/1005009334813123.html","https://es.aliexpress.com/item/1005012653959131.html"
"Cabeza","LO-04-C5-E4","Bitácora","Bronce Cristal · Azul","Caja + esfera montadas","Bitácora","https://es.aliexpress.com/item/1005009334813123.html","https://es.aliexpress.com/item/1005012653959131.html"
"Cabeza","LO-04-C5-E5","Bitácora","Bronce Cristal · Gris","Caja + esfera montadas","Bitácora","https://es.aliexpress.com/item/1005009334813123.html","https://es.aliexpress.com/item/1005012653959131.html"
"Cabeza","LO-05-C1-E1","Cero Cero","(sin nombre) · Esfera N/O","Caja + esfera montadas","Cero Cero","https://es.aliexpress.com/item/1005008909811108.html","https://es.aliexpress.com/item/1005004938494590.html"
"Cabeza","LO-05-C1-E2","Cero Cero","(sin nombre) · Esfera A/N","Caja + esfera montadas","Cero Cero","https://es.aliexpress.com/item/1005008909811108.html","https://es.aliexpress.com/item/1005004938494590.html"
"Cabeza","LO-05-C1-E3","Cero Cero","(sin nombre) · Esfera N/Or","Caja + esfera montadas","Cero Cero","https://es.aliexpress.com/item/1005008909811108.html","https://es.aliexpress.com/item/1005004938494590.html"
"Cabeza","LO-05-C2-E1","Cero Cero","(sin nombre) · Esfera N/O","Caja + esfera montadas","Cero Cero","https://es.aliexpress.com/item/1005008909811108.html","https://es.aliexpress.com/item/1005004938494590.html"
"Cabeza","LO-05-C2-E2","Cero Cero","(sin nombre) · Esfera A/N","Caja + esfera montadas","Cero Cero","https://es.aliexpress.com/item/1005008909811108.html","https://es.aliexpress.com/item/1005004938494590.html"
"Cabeza","LO-05-C2-E3","Cero Cero","(sin nombre) · Esfera N/Or","Caja + esfera montadas","Cero Cero","https://es.aliexpress.com/item/1005008909811108.html","https://es.aliexpress.com/item/1005004938494590.html"
"Cabeza","LO-05-C3-E1","Cero Cero","(sin nombre) · Esfera N/O","Caja + esfera montadas","Cero Cero","https://es.aliexpress.com/item/1005009907882368.html","https://es.aliexpress.com/item/1005004938494590.html"
"Cabeza","LO-05-C3-E2","Cero Cero","(sin nombre) · Esfera A/N","Caja + esfera montadas","Cero Cero","https://es.aliexpress.com/item/1005009907882368.html","https://es.aliexpress.com/item/1005004938494590.html"
"Cabeza","LO-05-C3-E3","Cero Cero","(sin nombre) · Esfera N/Or","Caja + esfera montadas","Cero Cero","https://es.aliexpress.com/item/1005009907882368.html","https://es.aliexpress.com/item/1005004938494590.html"
"Cabeza","LO-06-C1","Cóctel","Oro Rosa Cristal","Caja con esfera de fábrica","Cóctel","https://es.aliexpress.com/item/1005008564321407.html",""
"Cabeza","LO-06-C2","Cóctel","Plata","Caja con esfera de fábrica","Cóctel","https://es.aliexpress.com/item/1005008564321407.html",""
"Cabeza","LO-07-C1-E1","Tortuga","Plata Mineral, Bisel Negro, anillo negro · Negra","Caja + esfera montadas","Tortuga","https://es.aliexpress.com/item/1005005096109310.html","https://es.aliexpress.com/item/1005009699673508.html"
"Cabeza","LO-07-C1-E2","Tortuga","Plata Mineral, Bisel Negro, anillo negro · Azul","Caja + esfera montadas","Tortuga","https://es.aliexpress.com/item/1005005096109310.html","https://es.aliexpress.com/item/1005009699673508.html"
"Cabeza","LO-07-C1-E3","Tortuga","Plata Mineral, Bisel Negro, anillo negro · Verde","Caja + esfera montadas","Tortuga","https://es.aliexpress.com/item/1005005096109310.html","https://es.aliexpress.com/item/1005009699673508.html"
"Cabeza","LO-07-C2-E1","Tortuga","Plata Mineral Bisel Negro, anillo turquesa · Negra","Caja + esfera montadas","Tortuga","https://es.aliexpress.com/item/1005005096109310.html","https://es.aliexpress.com/item/1005009699673508.html"
"Cabeza","LO-07-C2-E2","Tortuga","Plata Mineral Bisel Negro, anillo turquesa · Azul","Caja + esfera montadas","Tortuga","https://es.aliexpress.com/item/1005005096109310.html","https://es.aliexpress.com/item/1005009699673508.html"
"Cabeza","LO-07-C2-E3","Tortuga","Plata Mineral Bisel Negro, anillo turquesa · Verde","Caja + esfera montadas","Tortuga","https://es.aliexpress.com/item/1005005096109310.html","https://es.aliexpress.com/item/1005009699673508.html"
"Cabeza","LO-07-C3-E1","Tortuga","Plata Mineral Bisel Negro, anillo naranja · Negra","Caja + esfera montadas","Tortuga","https://es.aliexpress.com/item/1005005096109310.html","https://es.aliexpress.com/item/1005009699673508.html"
"Cabeza","LO-07-C3-E2","Tortuga","Plata Mineral Bisel Negro, anillo naranja · Azul","Caja + esfera montadas","Tortuga","https://es.aliexpress.com/item/1005005096109310.html","https://es.aliexpress.com/item/1005009699673508.html"
"Cabeza","LO-07-C3-E3","Tortuga","Plata Mineral Bisel Negro, anillo naranja · Verde","Caja + esfera montadas","Tortuga","https://es.aliexpress.com/item/1005005096109310.html","https://es.aliexpress.com/item/1005009699673508.html"
"Cabeza","LO-07-C4-E1","Tortuga","Plata Zafiro, Bisel Negro, anillo negro · Negra","Caja + esfera montadas","Tortuga","https://es.aliexpress.com/item/1005005096109310.html","https://es.aliexpress.com/item/1005009699673508.html"
"Cabeza","LO-07-C4-E2","Tortuga","Plata Zafiro, Bisel Negro, anillo negro · Azul","Caja + esfera montadas","Tortuga","https://es.aliexpress.com/item/1005005096109310.html","https://es.aliexpress.com/item/1005009699673508.html"
"Cabeza","LO-07-C4-E3","Tortuga","Plata Zafiro, Bisel Negro, anillo negro · Verde","Caja + esfera montadas","Tortuga","https://es.aliexpress.com/item/1005005096109310.html","https://es.aliexpress.com/item/1005009699673508.html"
"Cabeza","LO-07-C5-E1","Tortuga","Plata Zafiro Bisel Negro, anillo turquesa · Negra","Caja + esfera montadas","Tortuga","https://es.aliexpress.com/item/1005005096109310.html","https://es.aliexpress.com/item/1005009699673508.html"
"Cabeza","LO-07-C5-E2","Tortuga","Plata Zafiro Bisel Negro, anillo turquesa · Azul","Caja + esfera montadas","Tortuga","https://es.aliexpress.com/item/1005005096109310.html","https://es.aliexpress.com/item/1005009699673508.html"
"Cabeza","LO-07-C5-E3","Tortuga","Plata Zafiro Bisel Negro, anillo turquesa · Verde","Caja + esfera montadas","Tortuga","https://es.aliexpress.com/item/1005005096109310.html","https://es.aliexpress.com/item/1005009699673508.html"
"Cabeza","LO-07-C6-E1","Tortuga","Plata Zafiro Bisel Negro, anillo naranja · Negra","Caja + esfera montadas","Tortuga","https://es.aliexpress.com/item/1005005096109310.html","https://es.aliexpress.com/item/1005009699673508.html"
"Cabeza","LO-07-C6-E2","Tortuga","Plata Zafiro Bisel Negro, anillo naranja · Azul","Caja + esfera montadas","Tortuga","https://es.aliexpress.com/item/1005005096109310.html","https://es.aliexpress.com/item/1005009699673508.html"
"Cabeza","LO-07-C6-E3","Tortuga","Plata Zafiro Bisel Negro, anillo naranja · Verde","Caja + esfera montadas","Tortuga","https://es.aliexpress.com/item/1005005096109310.html","https://es.aliexpress.com/item/1005009699673508.html"
"Cabeza","LO-08-C1","Diver","(sin nombre)","Caja con esfera de fábrica","Diver","https://es.aliexpress.com/item/1005009818946544.html",""
"Brazalete","Brz-316-A01","","Acero 316L, cinco eslabones","Única","Lunar · Cero Cero · Tortuga · Diver","https://es.aliexpress.com/item/1005007891583645.html",""
"Brazalete","Brz-316-A02","","Acero 316L, cierre desplegable","Plata","Lunar · Cero Cero · Tortuga · Diver","https://es.aliexpress.com/item/1005008728294161.html",""
"Brazalete","Brz-316-A03","","Acero 316L, cierre desplegable","Plata y oro rosa","Lunar · Cero Cero · Tortuga · Diver","https://es.aliexpress.com/item/1005008728294161.html",""
"Brazalete","Brz-316-A04","","Acero 316L, cierre desplegable","Negro","Lunar · Cero Cero · Tortuga · Diver","https://es.aliexpress.com/item/1005008728294161.html",""
"Brazalete","Brz-316-A05","","Acero 316L macizo","Tres eslabones","Lunar · Cero Cero · Tortuga · Diver","https://es.aliexpress.com/item/1005006729305423.html",""
"Brazalete","Brz-316-A06","","Acero 316L macizo","Cinco eslabones","Lunar · Cero Cero · Tortuga · Diver","https://es.aliexpress.com/item/1005006729305423.html",""
"Brazalete","Brz-316-A07","","Acero 316L macizo","Nueve eslabones","Lunar · Cero Cero · Tortuga · Diver","https://es.aliexpress.com/item/1005006729305423.html",""
"Brazalete","Brz-316-A08","","Malla milanesa, hebilla plegable","Plata","Cero Cero","https://es.aliexpress.com/item/1005009788287073.html",""
"Brazalete","Brz-316-A09","","Malla milanesa de eslabón fino","Plata","Cero Cero","https://es.aliexpress.com/item/1005006049572510.html",""
"Brazalete","Brz-316-A10","","Acero 316L macizo, eslabón ancho","Tres eslabones","Lunar · Cero Cero · Tortuga · Diver","https://es.aliexpress.com/item/1005012743124313.html",""
"Brazalete","Brz-316-A11","","Acero 316L macizo, eslabón fino","Cinco eslabones","Lunar · Cero Cero · Tortuga · Diver","https://es.aliexpress.com/item/1005012743124313.html",""
"Brazalete","Brz-904-A12","","Acero 904L macizo","Mate cepillado","Lunar · Cero Cero · Tortuga · Diver","https://es.aliexpress.com/item/1005012594384366.html",""
"Brazalete","Brz-904-A13","","Acero 904L macizo","Brillante pulido","Lunar · Cero Cero · Tortuga · Diver","https://es.aliexpress.com/item/1005012594384366.html",""
"Brazalete","Brz-904-A14","","Acero 904L, eslabones planos","Plata 5 eslabones","Lunar · Cero Cero · Tortuga · Diver","https://es.aliexpress.com/item/1005008523066119.html",""
"Brazalete","Brz-904-A15","","Acero 904L, eslabones planos","Plata / Oro rosa 5 eslabones","Lunar · Cero Cero · Tortuga · Diver","https://es.aliexpress.com/item/1005008523066119.html",""
"Brazalete","Brz-904-A16","","Acero 904L, eslabones planos","Negro 5 eslabones","Lunar · Cero Cero · Tortuga · Diver","https://es.aliexpress.com/item/1005008523066119.html",""
"Brazalete","Brz-904-A17","","Acero 904L, eslabones planos","Plata 3 eslabones cepillado/mate","Lunar · Cero Cero · Tortuga · Diver","https://es.aliexpress.com/item/1005008523066119.html",""
"Brazalete","Brz-904-A18","","Acero 904L, eslabones planos","Plata 3 eslabones pulido","Lunar · Cero Cero · Tortuga · Diver","https://es.aliexpress.com/item/1005008523066119.html",""
"Brazalete","Brz-904-A19","","Acero 904L, eslabones planos","Negro 3 eslabones pulido","Lunar · Cero Cero · Tortuga · Diver","https://es.aliexpress.com/item/1005008523066119.html",""
"Brazalete","Brz-904-A20","","Acero 904L, eslabones planos","Plata / Oro Rosa 3 eslabones pulido","Lunar · Cero Cero · Tortuga · Diver","https://es.aliexpress.com/item/1005008523066119.html",""
"Brazalete","Brz-Piel-P01","","Piel con liberación rápida","Negro, pespunte blanco, hebilla mariposa plateada","Trinchera · Cóctel","https://es.aliexpress.com/item/1005007805649477.html",""
"Brazalete","Brz-Piel-P02","","Piel con liberación rápida","Negro, pespunte blanco, hebilla clásica plateada","Trinchera · Cóctel","https://es.aliexpress.com/item/1005007805649477.html",""
"Brazalete","Brz-Piel-P03","","Piel con liberación rápida","Negro, pespunte blanco, hebilla clásica negra","Trinchera · Cóctel","https://es.aliexpress.com/item/1005007805649477.html",""
"Brazalete","Brz-Piel-P04","","Piel con liberación rápida","Negro, pespunte blanco, hebilla clásica de oro rosa","Trinchera · Cóctel","https://es.aliexpress.com/item/1005007805649477.html",""
"Brazalete","Brz-Piel-P05","","Piel con liberación rápida","Negro, pespunte negro, hebilla mariposa plateada","Trinchera · Cóctel","https://es.aliexpress.com/item/1005007805649477.html",""
"Brazalete","Brz-Piel-P06","","Piel con liberación rápida","Negro, pespunte negro, hebilla clásica plateada","Trinchera · Cóctel","https://es.aliexpress.com/item/1005007805649477.html",""
"Brazalete","Brz-Piel-P07","","Piel con liberación rápida","Negro, pespunte negro, hebilla clásica negra","Trinchera · Cóctel","https://es.aliexpress.com/item/1005007805649477.html",""
"Brazalete","Brz-Piel-P08","","Piel con liberación rápida","Negro, pespunte negro, hebilla clásica de oro rosa","Trinchera · Cóctel","https://es.aliexpress.com/item/1005007805649477.html",""
"Brazalete","Brz-Piel-P09","","Piel con liberación rápida","Marrón oscuro, pespunte blanco, hebilla mariposa plateada","Trinchera · Cóctel","https://es.aliexpress.com/item/1005007805649477.html",""
"Brazalete","Brz-Piel-P10","","Piel con liberación rápida","Marrón oscuro, pespunte blanco, hebilla clásica plateada","Trinchera · Cóctel","https://es.aliexpress.com/item/1005007805649477.html",""
"Brazalete","Brz-Piel-P11","","Piel con liberación rápida","Marrón oscuro, pespunte blanco, hebilla clásica negra","Trinchera · Cóctel","https://es.aliexpress.com/item/1005007805649477.html",""
"Brazalete","Brz-Piel-P12","","Piel con liberación rápida","Marrón oscuro, pespunte blanco, hebilla clásica de oro rosa","Trinchera · Cóctel","https://es.aliexpress.com/item/1005007805649477.html",""
"Brazalete","Brz-Piel-P13","","Piel con liberación rápida","Marrón oscuro, pespunte negro, hebilla mariposa plateada","Trinchera · Cóctel","https://es.aliexpress.com/item/1005007805649477.html",""
"Brazalete","Brz-Piel-P14","","Piel con liberación rápida","Marrón oscuro, pespunte negro, hebilla clásica plateada","Trinchera · Cóctel","https://es.aliexpress.com/item/1005007805649477.html",""
"Brazalete","Brz-Piel-P15","","Piel con liberación rápida","Marrón oscuro, pespunte negro, hebilla clásica negra","Trinchera · Cóctel","https://es.aliexpress.com/item/1005007805649477.html",""
"Brazalete","Brz-Piel-P16","","Piel con liberación rápida","Marrón oscuro, pespunte negro, hebilla clásica de oro rosa","Trinchera · Cóctel","https://es.aliexpress.com/item/1005007805649477.html",""
"Brazalete","Brz-Piel-P17","","Piel con liberación rápida","Azul, pespunte blanco, hebilla mariposa plateada","Trinchera · Cóctel","https://es.aliexpress.com/item/1005007805649477.html",""
"Brazalete","Brz-Piel-P18","","Piel con liberación rápida","Azul, pespunte blanco, hebilla clásica plateada","Trinchera · Cóctel","https://es.aliexpress.com/item/1005007805649477.html",""
"Brazalete","Brz-Piel-P19","","Piel con liberación rápida","Azul, pespunte blanco, hebilla clásica negra","Trinchera · Cóctel","https://es.aliexpress.com/item/1005007805649477.html",""
"Brazalete","Brz-Piel-P20","","Piel con liberación rápida","Azul, pespunte blanco, hebilla clásica de oro rosa","Trinchera · Cóctel","https://es.aliexpress.com/item/1005007805649477.html",""
"Brazalete","Brz-Piel-P21","","Piel con liberación rápida","Azul, pespunte negro, hebilla mariposa plateada","Trinchera · Cóctel","https://es.aliexpress.com/item/1005007805649477.html",""
"Brazalete","Brz-Piel-P22","","Piel con liberación rápida","Azul, pespunte negro, hebilla clásica plateada","Trinchera · Cóctel","https://es.aliexpress.com/item/1005007805649477.html",""
"Brazalete","Brz-Piel-P23","","Piel con liberación rápida","Azul, pespunte negro, hebilla clásica negra","Trinchera · Cóctel","https://es.aliexpress.com/item/1005007805649477.html",""
"Brazalete","Brz-Piel-P24","","Piel con liberación rápida","Azul, pespunte negro, hebilla clásica de oro rosa","Trinchera · Cóctel","https://es.aliexpress.com/item/1005007805649477.html",""
"Brazalete","Brz-Piel-P25","","Piel con liberación rápida","Verde, pespunte blanco, hebilla mariposa plateada","Trinchera · Cóctel","https://es.aliexpress.com/item/1005007805649477.html",""
"Brazalete","Brz-Piel-P26","","Piel con liberación rápida","Verde, pespunte blanco, hebilla clásica plateada","Trinchera · Cóctel","https://es.aliexpress.com/item/1005007805649477.html",""
"Brazalete","Brz-Piel-P27","","Piel con liberación rápida","Verde, pespunte blanco, hebilla clásica negra","Trinchera · Cóctel","https://es.aliexpress.com/item/1005007805649477.html",""
"Brazalete","Brz-Piel-P28","","Piel con liberación rápida","Verde, pespunte blanco, hebilla clásica de oro rosa","Trinchera · Cóctel","https://es.aliexpress.com/item/1005007805649477.html",""
"Brazalete","Brz-Piel-P29","","Piel con liberación rápida","Verde, pespunte a tono, hebilla mariposa plateada","Trinchera · Cóctel","https://es.aliexpress.com/item/1005007805649477.html",""
"Brazalete","Brz-Piel-P30","","Piel con liberación rápida","Verde, pespunte a tono, hebilla clásica plateada","Trinchera · Cóctel","https://es.aliexpress.com/item/1005007805649477.html",""
"Brazalete","Brz-Piel-P31","","Piel con liberación rápida","Verde, pespunte a tono, hebilla clásica negra","Trinchera · Cóctel","https://es.aliexpress.com/item/1005007805649477.html",""
"Brazalete","Brz-Sintetica-P50","","Piel sintética con liberación rápida","Verde, pespunte a tono, hebilla clásica de oro rosa","Trinchera · Cóctel","https://es.aliexpress.com/item/1005007805649477.html",""
"Brazalete","Brz-Sintetica-P51","","Piel sintética, hebilla mariposa","Marrón","Trinchera · Cóctel","https://es.aliexpress.com/item/1005007038154540.html",""
"Brazalete","Brz-Sintetica-P52","","Piel sintética, hebilla mariposa","Negro","Trinchera · Cóctel","https://es.aliexpress.com/item/1005007038154540.html",""
"Brazalete","Brz-Sintetica-P53","","Piel sintética, hebilla mariposa","Negro con pespunte blanco","Trinchera · Cóctel","https://es.aliexpress.com/item/1005007038154540.html",""
"Brazalete","Brz-Sintetica-P54","","Piel sintética, hebilla mariposa","Marrón con pespunte blanco","Trinchera · Cóctel","https://es.aliexpress.com/item/1005007038154540.html",""
"Brazalete","Brz-Sintetica-P55","","Piel sintética, hebilla mariposa","Marrón claro","Trinchera · Cóctel","https://es.aliexpress.com/item/1005007038154540.html",""
"Brazalete","Brz-Ante-P70","","Ante","Marrón oscuro","Trinchera · Cóctel","https://es.aliexpress.com/item/1005007894134908.html",""
"Brazalete","Brz-Ante-P71","","Ante","Marrón claro","Trinchera · Cóctel","https://es.aliexpress.com/item/1005007894134908.html",""
"Brazalete","Brz-Ante-P72","","Ante","Negro","Trinchera · Cóctel","https://es.aliexpress.com/item/1005007894134908.html",""
"Brazalete","Brz-Ante-P73","","Ante","Azul","Trinchera · Cóctel","https://es.aliexpress.com/item/1005007894134908.html",""
"Brazalete","Brz-Goma-G01","","Caucho con hebilla de acero","Negro","Lunar · Tortuga · Diver","https://es.aliexpress.com/item/1005010706660703.html",""
"Brazalete","Brz-Goma-G02","","Caucho con hebilla de acero","Blanco","Lunar · Tortuga · Diver","https://es.aliexpress.com/item/1005010706660703.html",""
"Brazalete","Brz-Goma-G03","","Caucho con hebilla de acero","Rojo","Lunar · Tortuga · Diver","https://es.aliexpress.com/item/1005010706660703.html",""
"Brazalete","Brz-Goma-G04","","Caucho con hebilla de acero","Naranja","Lunar · Tortuga · Diver","https://es.aliexpress.com/item/1005010706660703.html",""
"Brazalete","Brz-Goma-G05","","Caucho con hebilla de acero","Azul","Lunar · Tortuga · Diver","https://es.aliexpress.com/item/1005010706660703.html",""
"Brazalete","Brz-Goma-G06","","Caucho con hebilla de acero","Marrón","Lunar · Tortuga · Diver","https://es.aliexpress.com/item/1005010706660703.html",""
"Brazalete","Brz-Goma-G07","","Caucho con hebilla de acero","Gris","Lunar · Tortuga · Diver","https://es.aliexpress.com/item/1005010706660703.html",""
"Brazalete","Brz-Caucho-C01","","Caucho fluorado, cierre desplegable","Azul real blanco 01","Lunar · Tortuga · Diver","https://es.aliexpress.com/item/1005010530116265.html",""
"Brazalete","Brz-Caucho-C02","","Caucho fluorado, cierre desplegable","Negro blanco","Lunar · Tortuga · Diver","https://es.aliexpress.com/item/1005010530116265.html",""
"Brazalete","Brz-Caucho-C03","","Caucho fluorado, cierre desplegable","Negro negro","Lunar · Tortuga · Diver","https://es.aliexpress.com/item/1005010530116265.html",""
"Brazalete","Brz-Caucho-C04","","Caucho fluorado, cierre desplegable","Verde militar blanco","Lunar · Tortuga · Diver","https://es.aliexpress.com/item/1005010530116265.html",""
"Brazalete","Brz-Caucho-C05","","Caucho fluorado, cierre desplegable","Azul real blanco","Lunar · Tortuga · Diver","https://es.aliexpress.com/item/1005010530116265.html",""
"Brazalete","Brz-Caucho-C06","","Caucho fluorado, cierre desplegable","Rojo blanco","Lunar · Tortuga · Diver","https://es.aliexpress.com/item/1005010530116265.html",""
"Brazalete","Brz-Caucho-C07","","Caucho fluorado, cierre desplegable","Naranja blanco","Lunar · Tortuga · Diver","https://es.aliexpress.com/item/1005010530116265.html",""
"Brazalete","Brz-Caucho-C08","","Caucho fluorado, cierre desplegable","Gris blanco","Lunar · Tortuga · Diver","https://es.aliexpress.com/item/1005010530116265.html",""
"Brazalete","Brz-Caucho-C09","","Caucho fluorado, cierre desplegable","Beige blanco","Lunar · Tortuga · Diver","https://es.aliexpress.com/item/1005010530116265.html",""
"Brazalete","Brz-Caucho-C10","","Caucho fluorado, cierre desplegable","Negro blanco 01","Lunar · Tortuga · Diver","https://es.aliexpress.com/item/1005010530116265.html",""
"Brazalete","Brz-Caucho-C11","","Caucho fluorado, cierre desplegable","Negro negro 01","Lunar · Tortuga · Diver","https://es.aliexpress.com/item/1005010530116265.html",""
"Brazalete","Brz-Caucho-C12","","Caucho fluorado, cierre desplegable","Verde militar blanco 01","Lunar · Tortuga · Diver","https://es.aliexpress.com/item/1005010530116265.html",""
"Brazalete","Brz-Caucho-C13","","Caucho fluorado, cierre desplegable","Rojo blanco 01","Lunar · Tortuga · Diver","https://es.aliexpress.com/item/1005010530116265.html",""
"Brazalete","Brz-Caucho-C14","","Caucho fluorado, cierre desplegable","Naranja blanco 01","Lunar · Tortuga · Diver","https://es.aliexpress.com/item/1005010530116265.html",""
"Brazalete","Brz-Caucho-C15","","Caucho fluorado, cierre desplegable","Gris blanco 01","Lunar · Tortuga · Diver","https://es.aliexpress.com/item/1005010530116265.html",""
"Brazalete","Brz-Caucho-C16","","Caucho fluorado, cierre desplegable","Beige blanco 01","Lunar · Tortuga · Diver","https://es.aliexpress.com/item/1005010530116265.html",""
"Brazalete","Brz-Caucho-C17","","Caucho fluorado, cierre desplegable","Negro blanco 02","Lunar · Tortuga · Diver","https://es.aliexpress.com/item/1005010530116265.html",""
"Brazalete","Brz-Caucho-C18","","Caucho fluorado, cierre desplegable","Negro negro 02","Lunar · Tortuga · Diver","https://es.aliexpress.com/item/1005010530116265.html",""
"Brazalete","Brz-Caucho-C19","","Caucho fluorado, cierre desplegable","Verde militar blanco 02","Lunar · Tortuga · Diver","https://es.aliexpress.com/item/1005010530116265.html",""
"Brazalete","Brz-Caucho-C20","","Caucho fluorado, cierre desplegable","Rojo blanco 02","Lunar · Tortuga · Diver","https://es.aliexpress.com/item/1005010530116265.html",""
"Brazalete","Brz-Caucho-C21","","Caucho fluorado, cierre desplegable","Naranja blanco 02","Lunar · Tortuga · Diver","https://es.aliexpress.com/item/1005010530116265.html",""
"Brazalete","Brz-Caucho-C22","","Caucho fluorado, cierre desplegable","Gris blanco 02","Lunar · Tortuga · Diver","https://es.aliexpress.com/item/1005010530116265.html",""
"Brazalete","Brz-Caucho-C23","","Caucho fluorado, cierre desplegable","Blanco blanco 01","Lunar · Tortuga · Diver","https://es.aliexpress.com/item/1005010530116265.html",""
"Brazalete","Brz-Caucho-C24","","Caucho fluorado, cierre desplegable","Blanco blanco 02","Lunar · Tortuga · Diver","https://es.aliexpress.com/item/1005010530116265.html",""
"Brazalete","Brz-Caucho-C25","","Caucho fluorado, cierre desplegable","Marrón blanco 01","Lunar · Tortuga · Diver","https://es.aliexpress.com/item/1005010530116265.html",""
"Brazalete","Brz-Caucho-C26","","Caucho fluorado, cierre desplegable","Azul real blanco 02","Lunar · Tortuga · Diver","https://es.aliexpress.com/item/1005010530116265.html",""
"Brazalete","Brz-Caucho-C27","","Caucho fluorado, cierre desplegable","Marrón blanco 02","Lunar · Tortuga · Diver","https://es.aliexpress.com/item/1005010530116265.html",""
"Brazalete","Brz-Caucho-C28","","Caucho fluorado, cierre desplegable","Blanco blanco","Lunar · Tortuga · Diver","https://es.aliexpress.com/item/1005010530116265.html",""
"Brazalete","Brz-Caucho-C29","","Caucho fluorado, cierre desplegable","Marrón blanco","Lunar · Tortuga · Diver","https://es.aliexpress.com/item/1005010530116265.html",""
"Brazalete","Brz-Caucho-C30","","Caucho fluorado, cierre desplegable","Beige blanco 02","Lunar · Tortuga · Diver","https://es.aliexpress.com/item/1005010530116265.html",""
"Brazalete","Brz-Nailon-N01","","Tela de vela, hebilla mariposa","Rojo","Trinchera · Diver","https://es.aliexpress.com/item/1005009043250178.html",""
"Brazalete","Brz-Nailon-N02","","Tela de vela, hebilla mariposa","Naranja","Trinchera · Diver","https://es.aliexpress.com/item/1005009043250178.html",""
"Brazalete","Brz-Nailon-N03","","Tela de vela, hebilla mariposa","Gris","Trinchera · Diver","https://es.aliexpress.com/item/1005009043250178.html",""
"Brazalete","Brz-Nailon-N04","","Tela de vela, hebilla mariposa","Negro","Trinchera · Diver","https://es.aliexpress.com/item/1005009043250178.html",""
"Brazalete","Brz-Nailon-N05","","Tela de vela, hebilla mariposa","Azul","Trinchera · Diver","https://es.aliexpress.com/item/1005009043250178.html",""
"Brazalete","Brz-Nailon-N06","","Tela de vela, hebilla mariposa","Verde","Trinchera · Diver","https://es.aliexpress.com/item/1005009043250178.html",""
"Brazalete","Brz-Nailon-N07","","Tela de vela, hebilla mariposa","Caqui","Trinchera · Diver","https://es.aliexpress.com/item/1005009043250178.html",""
"Brazalete","Brz-Lona-L01","","Lona de nailon, liberación rápida","Negro","Trinchera · Diver","https://es.aliexpress.com/item/1005010228796680.html",""
"Brazalete","Brz-Lona-L02","","Lona de nailon, liberación rápida","Negro hebilla negra","Trinchera · Diver","https://es.aliexpress.com/item/1005010228796680.html",""
"Brazalete","Brz-Lona-L03","","Lona de nailon, liberación rápida","Gris","Trinchera · Diver","https://es.aliexpress.com/item/1005010228796680.html",""
"Brazalete","Brz-Lona-L04","","Lona de nailon, liberación rápida","Gris hebilla negra","Trinchera · Diver","https://es.aliexpress.com/item/1005010228796680.html",""
"Brazalete","Brz-Lona-L05","","Lona de nailon, liberación rápida","Verde militar","Trinchera · Diver","https://es.aliexpress.com/item/1005010228796680.html",""
"Brazalete","Brz-Lona-L06","","Lona de nailon, liberación rápida","Verde militar hebilla negra","Trinchera · Diver","https://es.aliexpress.com/item/1005010228796680.html",""
"Brazalete","Brz-Lona-L07","","Lona de nailon, liberación rápida","Azul marino","Trinchera · Diver","https://es.aliexpress.com/item/1005010228796680.html",""
"Brazalete","Brz-Lona-L08","","Lona de nailon, liberación rápida","Caqui hebilla negra","Trinchera · Diver","https://es.aliexpress.com/item/1005010228796680.html",""
"Brazalete","Brz-Lona-L09","","Lona de nailon, liberación rápida","Caqui","Trinchera · Diver","https://es.aliexpress.com/item/1005010228796680.html",""
"Brazalete","Brz-Lona-L10","","Lona de nailon, liberación rápida","Azul marino hebilla negra","Trinchera · Diver","https://es.aliexpress.com/item/1005010228796680.html",""
"Brazalete","Brz-Goma-Bit-01","","Caucho integrado, hebilla mariposa","Negro","Bitácora","https://es.aliexpress.com/item/1005008948854215.html",""
"Brazalete","Brz-Goma-Bit-02","","Caucho integrado, hebilla mariposa","Gris","Bitácora","https://es.aliexpress.com/item/1005008948854215.html",""
"Brazalete","Brz-Goma-Bit-03","","Caucho integrado, hebilla mariposa","Azul","Bitácora","https://es.aliexpress.com/item/1005008948854215.html",""
"Brazalete","Brz-Acero-Bit-01","","Acero integrado, cierre plegable","Plata","Bitácora","https://es.aliexpress.com/item/1005009252680462.html",""
"Brazalete","Brz-Acero-Bit-02","","Acero integrado, cierre plegable","Negro","Bitácora","https://es.aliexpress.com/item/1005009252680462.html",""
"Brazalete","Brz-Acero-Bit-03","","Acero integrado, cierre plegable","Azul","Bitácora","https://es.aliexpress.com/item/1005009252680462.html",""
"Brazalete","Brz-Acero-Bit-04","","Acero integrado, cierre plegable","Oro","Bitácora","https://es.aliexpress.com/item/1005009252680462.html",""
"Brazalete","Brz-Acero-Bit-05","","Acero integrado, cierre plegable","Plata y oro","Bitácora","https://es.aliexpress.com/item/1005009252680462.html",""
"Brazalete","Brz-Acero-Bit-06","","Acero integrado, cierre plegable","Oro rosa","Bitácora","https://es.aliexpress.com/item/1005009252680462.html",""
"Brazalete","Brz-Acero-Bit-07","","Acero integrado, cierre plegable","Plata y oro rosa","Bitácora","https://es.aliexpress.com/item/1005009252680462.html",""