Fase,Nombre_fase,Referencia_brazalete,Que_es,Cabeza,Archivo,URL_proveedor,Aviso
1,Control,Brz-316-A06,Acero 316L macizo · Cinco eslabones,C1-E1,LO-03-C1-E1-Brz-316-A06.webp,https://es.aliexpress.com/item/1005006729305423.html,
1,Control,Brz-316-A06,Acero 316L macizo · Cinco eslabones,C1-E2,LO-03-C1-E2-Brz-316-A06.webp,https://es.aliexpress.com/item/1005006729305423.html,
1,Control,Brz-316-A06,Acero 316L macizo · Cinco eslabones,C2-E2,LO-03-C2-E2-Brz-316-A06.webp,https://es.aliexpress.com/item/1005006729305423.html,
1,Control,Brz-316-A06,Acero 316L macizo · Cinco eslabones,C2-E3,LO-03-C2-E3-Brz-316-A06.webp,https://es.aliexpress.com/item/1005006729305423.html,
2,Acero 316L,Brz-316-A01,"Acero 316L, cinco eslabones · Única",C1-E1,LO-03-C1-E1-Brz-316-A01.webp,https://es.aliexpress.com/item/1005007891583645.html,OJO: la foto que hay es un TRES eslabones y la pieza es un JUBILEE DE CINCO.
2,Acero 316L,Brz-316-A01,"Acero 316L, cinco eslabones · Única",C1-E2,LO-03-C1-E2-Brz-316-A01.webp,https://es.aliexpress.com/item/1005007891583645.html,OJO: la foto que hay es un TRES eslabones y la pieza es un JUBILEE DE CINCO.
2,Acero 316L,Brz-316-A01,"Acero 316L, cinco eslabones · Única",C2-E2,LO-03-C2-E2-Brz-316-A01.webp,https://es.aliexpress.com/item/1005007891583645.html,OJO: la foto que hay es un TRES eslabones y la pieza es un JUBILEE DE CINCO.
2,Acero 316L,Brz-316-A01,"Acero 316L, cinco eslabones · Única",C2-E3,LO-03-C2-E3-Brz-316-A01.webp,https://es.aliexpress.com/item/1005007891583645.html,OJO: la foto que hay es un TRES eslabones y la pieza es un JUBILEE DE CINCO.
2,Acero 316L,Brz-316-A02,"Acero 316L, cierre desplegable · Plata",C1-E1,LO-03-C1-E1-Brz-316-A02.webp,https://es.aliexpress.com/item/1005008728294161.html,
2,Acero 316L,Brz-316-A02,"Acero 316L, cierre desplegable · Plata",C1-E2,LO-03-C1-E2-Brz-316-A02.webp,https://es.aliexpress.com/item/1005008728294161.html,
2,Acero 316L,Brz-316-A02,"Acero 316L, cierre desplegable · Plata",C2-E2,LO-03-C2-E2-Brz-316-A02.webp,https://es.aliexpress.com/item/1005008728294161.html,
2,Acero 316L,Brz-316-A02,"Acero 316L, cierre desplegable · Plata",C2-E3,LO-03-C2-E3-Brz-316-A02.webp,https://es.aliexpress.com/item/1005008728294161.html,
2,Acero 316L,Brz-316-A03,"Acero 316L, cierre desplegable · Plata y oro rosa",C1-E1,LO-03-C1-E1-Brz-316-A03.webp,https://es.aliexpress.com/item/1005008728294161.html,
2,Acero 316L,Brz-316-A03,"Acero 316L, cierre desplegable · Plata y oro rosa",C1-E2,LO-03-C1-E2-Brz-316-A03.webp,https://es.aliexpress.com/item/1005008728294161.html,
2,Acero 316L,Brz-316-A03,"Acero 316L, cierre desplegable · Plata y oro rosa",C2-E2,LO-03-C2-E2-Brz-316-A03.webp,https://es.aliexpress.com/item/1005008728294161.html,
2,Acero 316L,Brz-316-A03,"Acero 316L, cierre desplegable · Plata y oro rosa",C2-E3,LO-03-C2-E3-Brz-316-A03.webp,https://es.aliexpress.com/item/1005008728294161.html,
2,Acero 316L,Brz-316-A04,"Acero 316L, cierre desplegable · Negro",C1-E1,LO-03-C1-E1-Brz-316-A04.webp,https://es.aliexpress.com/item/1005008728294161.html,
2,Acero 316L,Brz-316-A04,"Acero 316L, cierre desplegable · Negro",C1-E2,LO-03-C1-E2-Brz-316-A04.webp,https://es.aliexpress.com/item/1005008728294161.html,
2,Acero 316L,Brz-316-A04,"Acero 316L, cierre desplegable · Negro",C2-E2,LO-03-C2-E2-Brz-316-A04.webp,https://es.aliexpress.com/item/1005008728294161.html,
2,Acero 316L,Brz-316-A04,"Acero 316L, cierre desplegable · Negro",C2-E3,LO-03-C2-E3-Brz-316-A04.webp,https://es.aliexpress.com/item/1005008728294161.html,
2,Acero 316L,Brz-316-A05,Acero 316L macizo · Tres eslabones,C1-E1,LO-03-C1-E1-Brz-316-A05.webp,https://es.aliexpress.com/item/1005006729305423.html,
2,Acero 316L,Brz-316-A05,Acero 316L macizo · Tres eslabones,C1-E2,LO-03-C1-E2-Brz-316-A05.webp,https://es.aliexpress.com/item/1005006729305423.html,
2,Acero 316L,Brz-316-A05,Acero 316L macizo · Tres eslabones,C2-E2,LO-03-C2-E2-Brz-316-A05.webp,https://es.aliexpress.com/item/1005006729305423.html,
2,Acero 316L,Brz-316-A05,Acero 316L macizo · Tres eslabones,C2-E3,LO-03-C2-E3-Brz-316-A05.webp,https://es.aliexpress.com/item/1005006729305423.html,
2,Acero 316L,Brz-316-A07,Acero 316L macizo · Nueve eslabones,C1-E1,LO-03-C1-E1-Brz-316-A07.webp,https://es.aliexpress.com/item/1005006729305423.html,
2,Acero 316L,Brz-316-A07,Acero 316L macizo · Nueve eslabones,C1-E2,LO-03-C1-E2-Brz-316-A07.webp,https://es.aliexpress.com/item/1005006729305423.html,
2,Acero 316L,Brz-316-A07,Acero 316L macizo · Nueve eslabones,C2-E2,LO-03-C2-E2-Brz-316-A07.webp,https://es.aliexpress.com/item/1005006729305423.html,
2,Acero 316L,Brz-316-A07,Acero 316L macizo · Nueve eslabones,C2-E3,LO-03-C2-E3-Brz-316-A07.webp,https://es.aliexpress.com/item/1005006729305423.html,
2,Acero 316L,Brz-316-A10,"Acero 316L macizo, eslabón ancho · Tres eslabones",C1-E1,LO-03-C1-E1-Brz-316-A10.webp,https://es.aliexpress.com/item/1005012743124313.html,OJO: nunca se ha entregado. Lo que mandaste era copia de la A05. Es eslabon ANCHO.
2,Acero 316L,Brz-316-A10,"Acero 316L macizo, eslabón ancho · Tres eslabones",C1-E2,LO-03-C1-E2-Brz-316-A10.webp,https://es.aliexpress.com/item/1005012743124313.html,OJO: nunca se ha entregado. Lo que mandaste era copia de la A05. Es eslabon ANCHO.
2,Acero 316L,Brz-316-A10,"Acero 316L macizo, eslabón ancho · Tres eslabones",C2-E2,LO-03-C2-E2-Brz-316-A10.webp,https://es.aliexpress.com/item/1005012743124313.html,OJO: nunca se ha entregado. Lo que mandaste era copia de la A05. Es eslabon ANCHO.
2,Acero 316L,Brz-316-A10,"Acero 316L macizo, eslabón ancho · Tres eslabones",C2-E3,LO-03-C2-E3-Brz-316-A10.webp,https://es.aliexpress.com/item/1005012743124313.html,OJO: nunca se ha entregado. Lo que mandaste era copia de la A05. Es eslabon ANCHO.
2,Acero 316L,Brz-316-A11,"Acero 316L macizo, eslabón fino · Cinco eslabones",C1-E1,LO-03-C1-E1-Brz-316-A11.webp,https://es.aliexpress.com/item/1005012743124313.html,OJO: nunca se ha entregado. Lo que mandaste era copia de la A06. Es eslabon FINO.
2,Acero 316L,Brz-316-A11,"Acero 316L macizo, eslabón fino · Cinco eslabones",C1-E2,LO-03-C1-E2-Brz-316-A11.webp,https://es.aliexpress.com/item/1005012743124313.html,OJO: nunca se ha entregado. Lo que mandaste era copia de la A06. Es eslabon FINO.
2,Acero 316L,Brz-316-A11,"Acero 316L macizo, eslabón fino · Cinco eslabones",C2-E2,LO-03-C2-E2-Brz-316-A11.webp,https://es.aliexpress.com/item/1005012743124313.html,OJO: nunca se ha entregado. Lo que mandaste era copia de la A06. Es eslabon FINO.
2,Acero 316L,Brz-316-A11,"Acero 316L macizo, eslabón fino · Cinco eslabones",C2-E3,LO-03-C2-E3-Brz-316-A11.webp,https://es.aliexpress.com/item/1005012743124313.html,OJO: nunca se ha entregado. Lo que mandaste era copia de la A06. Es eslabon FINO.
3,Acero 904L,Brz-904-A12,Acero 904L macizo · Mate cepillado,C1-E1,LO-03-C1-E1-Brz-904-A12.webp,https://es.aliexpress.com/item/1005012594384366.html,
3,Acero 904L,Brz-904-A12,Acero 904L macizo · Mate cepillado,C1-E2,LO-03-C1-E2-Brz-904-A12.webp,https://es.aliexpress.com/item/1005012594384366.html,
3,Acero 904L,Brz-904-A12,Acero 904L macizo · Mate cepillado,C2-E2,LO-03-C2-E2-Brz-904-A12.webp,https://es.aliexpress.com/item/1005012594384366.html,
3,Acero 904L,Brz-904-A12,Acero 904L macizo · Mate cepillado,C2-E3,LO-03-C2-E3-Brz-904-A12.webp,https://es.aliexpress.com/item/1005012594384366.html,
3,Acero 904L,Brz-904-A13,Acero 904L macizo · Brillante pulido,C1-E1,LO-03-C1-E1-Brz-904-A13.webp,https://es.aliexpress.com/item/1005012594384366.html,
3,Acero 904L,Brz-904-A13,Acero 904L macizo · Brillante pulido,C1-E2,LO-03-C1-E2-Brz-904-A13.webp,https://es.aliexpress.com/item/1005012594384366.html,
3,Acero 904L,Brz-904-A13,Acero 904L macizo · Brillante pulido,C2-E2,LO-03-C2-E2-Brz-904-A13.webp,https://es.aliexpress.com/item/1005012594384366.html,
3,Acero 904L,Brz-904-A13,Acero 904L macizo · Brillante pulido,C2-E3,LO-03-C2-E3-Brz-904-A13.webp,https://es.aliexpress.com/item/1005012594384366.html,
3,Acero 904L,Brz-904-A14,"Acero 904L, eslabones planos · Plata 5 eslabones",C1-E1,LO-03-C1-E1-Brz-904-A14.webp,https://es.aliexpress.com/item/1005008523066119.html,
3,Acero 904L,Brz-904-A14,"Acero 904L, eslabones planos · Plata 5 eslabones",C1-E2,LO-03-C1-E2-Brz-904-A14.webp,https://es.aliexpress.com/item/1005008523066119.html,
3,Acero 904L,Brz-904-A14,"Acero 904L, eslabones planos · Plata 5 eslabones",C2-E2,LO-03-C2-E2-Brz-904-A14.webp,https://es.aliexpress.com/item/1005008523066119.html,
3,Acero 904L,Brz-904-A14,"Acero 904L, eslabones planos · Plata 5 eslabones",C2-E3,LO-03-C2-E3-Brz-904-A14.webp,https://es.aliexpress.com/item/1005008523066119.html,
3,Acero 904L,Brz-904-A15,"Acero 904L, eslabones planos · Plata / Oro rosa 5 eslabones",C1-E1,LO-03-C1-E1-Brz-904-A15.webp,https://es.aliexpress.com/item/1005008523066119.html,
3,Acero 904L,Brz-904-A15,"Acero 904L, eslabones planos · Plata / Oro rosa 5 eslabones",C1-E2,LO-03-C1-E2-Brz-904-A15.webp,https://es.aliexpress.com/item/1005008523066119.html,
3,Acero 904L,Brz-904-A15,"Acero 904L, eslabones planos · Plata / Oro rosa 5 eslabones",C2-E2,LO-03-C2-E2-Brz-904-A15.webp,https://es.aliexpress.com/item/1005008523066119.html,
3,Acero 904L,Brz-904-A15,"Acero 904L, eslabones planos · Plata / Oro rosa 5 eslabones",C2-E3,LO-03-C2-E3-Brz-904-A15.webp,https://es.aliexpress.com/item/1005008523066119.html,
3,Acero 904L,Brz-904-A16,"Acero 904L, eslabones planos · Negro 5 eslabones",C1-E1,LO-03-C1-E1-Brz-904-A16.webp,https://es.aliexpress.com/item/1005008523066119.html,
3,Acero 904L,Brz-904-A16,"Acero 904L, eslabones planos · Negro 5 eslabones",C1-E2,LO-03-C1-E2-Brz-904-A16.webp,https://es.aliexpress.com/item/1005008523066119.html,
3,Acero 904L,Brz-904-A16,"Acero 904L, eslabones planos · Negro 5 eslabones",C2-E2,LO-03-C2-E2-Brz-904-A16.webp,https://es.aliexpress.com/item/1005008523066119.html,
3,Acero 904L,Brz-904-A16,"Acero 904L, eslabones planos · Negro 5 eslabones",C2-E3,LO-03-C2-E3-Brz-904-A16.webp,https://es.aliexpress.com/item/1005008523066119.html,
3,Acero 904L,Brz-904-A17,"Acero 904L, eslabones planos · Plata 3 eslabones cepillado/mate",C1-E1,LO-03-C1-E1-Brz-904-A17.webp,https://es.aliexpress.com/item/1005008523066119.html,
3,Acero 904L,Brz-904-A17,"Acero 904L, eslabones planos · Plata 3 eslabones cepillado/mate",C1-E2,LO-03-C1-E2-Brz-904-A17.webp,https://es.aliexpress.com/item/1005008523066119.html,
3,Acero 904L,Brz-904-A17,"Acero 904L, eslabones planos · Plata 3 eslabones cepillado/mate",C2-E2,LO-03-C2-E2-Brz-904-A17.webp,https://es.aliexpress.com/item/1005008523066119.html,
3,Acero 904L,Brz-904-A17,"Acero 904L, eslabones planos · Plata 3 eslabones cepillado/mate",C2-E3,LO-03-C2-E3-Brz-904-A17.webp,https://es.aliexpress.com/item/1005008523066119.html,
3,Acero 904L,Brz-904-A18,"Acero 904L, eslabones planos · Plata 3 eslabones pulido",C1-E1,LO-03-C1-E1-Brz-904-A18.webp,https://es.aliexpress.com/item/1005008523066119.html,
3,Acero 904L,Brz-904-A18,"Acero 904L, eslabones planos · Plata 3 eslabones pulido",C1-E2,LO-03-C1-E2-Brz-904-A18.webp,https://es.aliexpress.com/item/1005008523066119.html,
3,Acero 904L,Brz-904-A18,"Acero 904L, eslabones planos · Plata 3 eslabones pulido",C2-E2,LO-03-C2-E2-Brz-904-A18.webp,https://es.aliexpress.com/item/1005008523066119.html,
3,Acero 904L,Brz-904-A18,"Acero 904L, eslabones planos · Plata 3 eslabones pulido",C2-E3,LO-03-C2-E3-Brz-904-A18.webp,https://es.aliexpress.com/item/1005008523066119.html,
3,Acero 904L,Brz-904-A19,"Acero 904L, eslabones planos · Negro 3 eslabones pulido",C1-E1,LO-03-C1-E1-Brz-904-A19.webp,https://es.aliexpress.com/item/1005008523066119.html,
3,Acero 904L,Brz-904-A19,"Acero 904L, eslabones planos · Negro 3 eslabones pulido",C1-E2,LO-03-C1-E2-Brz-904-A19.webp,https://es.aliexpress.com/item/1005008523066119.html,
3,Acero 904L,Brz-904-A19,"Acero 904L, eslabones planos · Negro 3 eslabones pulido",C2-E2,LO-03-C2-E2-Brz-904-A19.webp,https://es.aliexpress.com/item/1005008523066119.html,
3,Acero 904L,Brz-904-A19,"Acero 904L, eslabones planos · Negro 3 eslabones pulido",C2-E3,LO-03-C2-E3-Brz-904-A19.webp,https://es.aliexpress.com/item/1005008523066119.html,
3,Acero 904L,Brz-904-A20,"Acero 904L, eslabones planos · Plata / Oro Rosa 3 eslabones pulido",C1-E1,LO-03-C1-E1-Brz-904-A20.webp,https://es.aliexpress.com/item/1005008523066119.html,
3,Acero 904L,Brz-904-A20,"Acero 904L, eslabones planos · Plata / Oro Rosa 3 eslabones pulido",C1-E2,LO-03-C1-E2-Brz-904-A20.webp,https://es.aliexpress.com/item/1005008523066119.html,
3,Acero 904L,Brz-904-A20,"Acero 904L, eslabones planos · Plata / Oro Rosa 3 eslabones pulido",C2-E2,LO-03-C2-E2-Brz-904-A20.webp,https://es.aliexpress.com/item/1005008523066119.html,
3,Acero 904L,Brz-904-A20,"Acero 904L, eslabones planos · Plata / Oro Rosa 3 eslabones pulido",C2-E3,LO-03-C2-E3-Brz-904-A20.webp,https://es.aliexpress.com/item/1005008523066119.html,
4,Piel negra,Brz-Piel-P01,"Piel con liberación rápida · Negro, pespunte blanco, hebilla mariposa plateada",C1-E1,LO-03-C1-E1-Brz-Piel-P01.webp,https://es.aliexpress.com/item/1005007805649477.html,
4,Piel negra,Brz-Piel-P01,"Piel con liberación rápida · Negro, pespunte blanco, hebilla mariposa plateada",C1-E2,LO-03-C1-E2-Brz-Piel-P01.webp,https://es.aliexpress.com/item/1005007805649477.html,
4,Piel negra,Brz-Piel-P01,"Piel con liberación rápida · Negro, pespunte blanco, hebilla mariposa plateada",C2-E2,LO-03-C2-E2-Brz-Piel-P01.webp,https://es.aliexpress.com/item/1005007805649477.html,
4,Piel negra,Brz-Piel-P01,"Piel con liberación rápida · Negro, pespunte blanco, hebilla mariposa plateada",C2-E3,LO-03-C2-E3-Brz-Piel-P01.webp,https://es.aliexpress.com/item/1005007805649477.html,
4,Piel negra,Brz-Piel-P02,"Piel con liberación rápida · Negro, pespunte blanco, hebilla clásica plateada",C1-E1,LO-03-C1-E1-Brz-Piel-P02.webp,https://es.aliexpress.com/item/1005007805649477.html,
4,Piel negra,Brz-Piel-P02,"Piel con liberación rápida · Negro, pespunte blanco, hebilla clásica plateada",C1-E2,LO-03-C1-E2-Brz-Piel-P02.webp,https://es.aliexpress.com/item/1005007805649477.html,
4,Piel negra,Brz-Piel-P02,"Piel con liberación rápida · Negro, pespunte blanco, hebilla clásica plateada",C2-E2,LO-03-C2-E2-Brz-Piel-P02.webp,https://es.aliexpress.com/item/1005007805649477.html,
4,Piel negra,Brz-Piel-P02,"Piel con liberación rápida · Negro, pespunte blanco, hebilla clásica plateada",C2-E3,LO-03-C2-E3-Brz-Piel-P02.webp,https://es.aliexpress.com/item/1005007805649477.html,
4,Piel negra,Brz-Piel-P03,"Piel con liberación rápida · Negro, pespunte blanco, hebilla clásica negra",C1-E1,LO-03-C1-E1-Brz-Piel-P03.webp,https://es.aliexpress.com/item/1005007805649477.html,
4,Piel negra,Brz-Piel-P03,"Piel con liberación rápida · Negro, pespunte blanco, hebilla clásica negra",C1-E2,LO-03-C1-E2-Brz-Piel-P03.webp,https://es.aliexpress.com/item/1005007805649477.html,
4,Piel negra,Brz-Piel-P03,"Piel con liberación rápida · Negro, pespunte blanco, hebilla clásica negra",C2-E2,LO-03-C2-E2-Brz-Piel-P03.webp,https://es.aliexpress.com/item/1005007805649477.html,
4,Piel negra,Brz-Piel-P03,"Piel con liberación rápida · Negro, pespunte blanco, hebilla clásica negra",C2-E3,LO-03-C2-E3-Brz-Piel-P03.webp,https://es.aliexpress.com/item/1005007805649477.html,
4,Piel negra,Brz-Piel-P04,"Piel con liberación rápida · Negro, pespunte blanco, hebilla clásica de oro rosa",C1-E1,LO-03-C1-E1-Brz-Piel-P04.webp,https://es.aliexpress.com/item/1005007805649477.html,
4,Piel negra,Brz-Piel-P04,"Piel con liberación rápida · Negro, pespunte blanco, hebilla clásica de oro rosa",C1-E2,LO-03-C1-E2-Brz-Piel-P04.webp,https://es.aliexpress.com/item/1005007805649477.html,
4,Piel negra,Brz-Piel-P04,"Piel con liberación rápida · Negro, pespunte blanco, hebilla clásica de oro rosa",C2-E2,LO-03-C2-E2-Brz-Piel-P04.webp,https://es.aliexpress.com/item/1005007805649477.html,
4,Piel negra,Brz-Piel-P04,"Piel con liberación rápida · Negro, pespunte blanco, hebilla clásica de oro rosa",C2-E3,LO-03-C2-E3-Brz-Piel-P04.webp,https://es.aliexpress.com/item/1005007805649477.html,
4,Piel negra,Brz-Piel-P05,"Piel con liberación rápida · Negro, pespunte negro, hebilla mariposa plateada",C1-E1,LO-03-C1-E1-Brz-Piel-P05.webp,https://es.aliexpress.com/item/1005007805649477.html,
4,Piel negra,Brz-Piel-P05,"Piel con liberación rápida · Negro, pespunte negro, hebilla mariposa plateada",C1-E2,LO-03-C1-E2-Brz-Piel-P05.webp,https://es.aliexpress.com/item/1005007805649477.html,
4,Piel negra,Brz-Piel-P05,"Piel con liberación rápida · Negro, pespunte negro, hebilla mariposa plateada",C2-E2,LO-03-C2-E2-Brz-Piel-P05.webp,https://es.aliexpress.com/item/1005007805649477.html,
4,Piel negra,Brz-Piel-P05,"Piel con liberación rápida · Negro, pespunte negro, hebilla mariposa plateada",C2-E3,LO-03-C2-E3-Brz-Piel-P05.webp,https://es.aliexpress.com/item/1005007805649477.html,
4,Piel negra,Brz-Piel-P06,"Piel con liberación rápida · Negro, pespunte negro, hebilla clásica plateada",C1-E1,LO-03-C1-E1-Brz-Piel-P06.webp,https://es.aliexpress.com/item/1005007805649477.html,
4,Piel negra,Brz-Piel-P06,"Piel con liberación rápida · Negro, pespunte negro, hebilla clásica plateada",C1-E2,LO-03-C1-E2-Brz-Piel-P06.webp,https://es.aliexpress.com/item/1005007805649477.html,
4,Piel negra,Brz-Piel-P06,"Piel con liberación rápida · Negro, pespunte negro, hebilla clásica plateada",C2-E2,LO-03-C2-E2-Brz-Piel-P06.webp,https://es.aliexpress.com/item/1005007805649477.html,
4,Piel negra,Brz-Piel-P06,"Piel con liberación rápida · Negro, pespunte negro, hebilla clásica plateada",C2-E3,LO-03-C2-E3-Brz-Piel-P06.webp,https://es.aliexpress.com/item/1005007805649477.html,
4,Piel negra,Brz-Piel-P07,"Piel con liberación rápida · Negro, pespunte negro, hebilla clásica negra",C1-E1,LO-03-C1-E1-Brz-Piel-P07.webp,https://es.aliexpress.com/item/1005007805649477.html,
4,Piel negra,Brz-Piel-P07,"Piel con liberación rápida · Negro, pespunte negro, hebilla clásica negra",C1-E2,LO-03-C1-E2-Brz-Piel-P07.webp,https://es.aliexpress.com/item/1005007805649477.html,
4,Piel negra,Brz-Piel-P07,"Piel con liberación rápida · Negro, pespunte negro, hebilla clásica negra",C2-E2,LO-03-C2-E2-Brz-Piel-P07.webp,https://es.aliexpress.com/item/1005007805649477.html,
4,Piel negra,Brz-Piel-P07,"Piel con liberación rápida · Negro, pespunte negro, hebilla clásica negra",C2-E3,LO-03-C2-E3-Brz-Piel-P07.webp,https://es.aliexpress.com/item/1005007805649477.html,
4,Piel negra,Brz-Piel-P08,"Piel con liberación rápida · Negro, pespunte negro, hebilla clásica de oro rosa",C1-E1,LO-03-C1-E1-Brz-Piel-P08.webp,https://es.aliexpress.com/item/1005007805649477.html,
4,Piel negra,Brz-Piel-P08,"Piel con liberación rápida · Negro, pespunte negro, hebilla clásica de oro rosa",C1-E2,LO-03-C1-E2-Brz-Piel-P08.webp,https://es.aliexpress.com/item/1005007805649477.html,
4,Piel negra,Brz-Piel-P08,"Piel con liberación rápida · Negro, pespunte negro, hebilla clásica de oro rosa",C2-E2,LO-03-C2-E2-Brz-Piel-P08.webp,https://es.aliexpress.com/item/1005007805649477.html,
4,Piel negra,Brz-Piel-P08,"Piel con liberación rápida · Negro, pespunte negro, hebilla clásica de oro rosa",C2-E3,LO-03-C2-E3-Brz-Piel-P08.webp,https://es.aliexpress.com/item/1005007805649477.html,
5,Piel azul,Brz-Piel-P17,"Piel con liberación rápida · Azul, pespunte blanco, hebilla mariposa plateada",C1-E1,LO-03-C1-E1-Brz-Piel-P17.webp,https://es.aliexpress.com/item/1005007805649477.html,
5,Piel azul,Brz-Piel-P17,"Piel con liberación rápida · Azul, pespunte blanco, hebilla mariposa plateada",C1-E2,LO-03-C1-E2-Brz-Piel-P17.webp,https://es.aliexpress.com/item/1005007805649477.html,
5,Piel azul,Brz-Piel-P17,"Piel con liberación rápida · Azul, pespunte blanco, hebilla mariposa plateada",C2-E2,LO-03-C2-E2-Brz-Piel-P17.webp,https://es.aliexpress.com/item/1005007805649477.html,
5,Piel azul,Brz-Piel-P17,"Piel con liberación rápida · Azul, pespunte blanco, hebilla mariposa plateada",C2-E3,LO-03-C2-E3-Brz-Piel-P17.webp,https://es.aliexpress.com/item/1005007805649477.html,
5,Piel azul,Brz-Piel-P18,"Piel con liberación rápida · Azul, pespunte blanco, hebilla clásica plateada",C1-E1,LO-03-C1-E1-Brz-Piel-P18.webp,https://es.aliexpress.com/item/1005007805649477.html,
5,Piel azul,Brz-Piel-P18,"Piel con liberación rápida · Azul, pespunte blanco, hebilla clásica plateada",C1-E2,LO-03-C1-E2-Brz-Piel-P18.webp,https://es.aliexpress.com/item/1005007805649477.html,
5,Piel azul,Brz-Piel-P18,"Piel con liberación rápida · Azul, pespunte blanco, hebilla clásica plateada",C2-E2,LO-03-C2-E2-Brz-Piel-P18.webp,https://es.aliexpress.com/item/1005007805649477.html,
5,Piel azul,Brz-Piel-P18,"Piel con liberación rápida · Azul, pespunte blanco, hebilla clásica plateada",C2-E3,LO-03-C2-E3-Brz-Piel-P18.webp,https://es.aliexpress.com/item/1005007805649477.html,
5,Piel azul,Brz-Piel-P19,"Piel con liberación rápida · Azul, pespunte blanco, hebilla clásica negra",C1-E1,LO-03-C1-E1-Brz-Piel-P19.webp,https://es.aliexpress.com/item/1005007805649477.html,
5,Piel azul,Brz-Piel-P19,"Piel con liberación rápida · Azul, pespunte blanco, hebilla clásica negra",C1-E2,LO-03-C1-E2-Brz-Piel-P19.webp,https://es.aliexpress.com/item/1005007805649477.html,
5,Piel azul,Brz-Piel-P19,"Piel con liberación rápida · Azul, pespunte blanco, hebilla clásica negra",C2-E2,LO-03-C2-E2-Brz-Piel-P19.webp,https://es.aliexpress.com/item/1005007805649477.html,
5,Piel azul,Brz-Piel-P19,"Piel con liberación rápida · Azul, pespunte blanco, hebilla clásica negra",C2-E3,LO-03-C2-E3-Brz-Piel-P19.webp,https://es.aliexpress.com/item/1005007805649477.html,
5,Piel azul,Brz-Piel-P20,"Piel con liberación rápida · Azul, pespunte blanco, hebilla clásica de oro rosa",C1-E1,LO-03-C1-E1-Brz-Piel-P20.webp,https://es.aliexpress.com/item/1005007805649477.html,
5,Piel azul,Brz-Piel-P20,"Piel con liberación rápida · Azul, pespunte blanco, hebilla clásica de oro rosa",C1-E2,LO-03-C1-E2-Brz-Piel-P20.webp,https://es.aliexpress.com/item/1005007805649477.html,
5,Piel azul,Brz-Piel-P20,"Piel con liberación rápida · Azul, pespunte blanco, hebilla clásica de oro rosa",C2-E2,LO-03-C2-E2-Brz-Piel-P20.webp,https://es.aliexpress.com/item/1005007805649477.html,
5,Piel azul,Brz-Piel-P20,"Piel con liberación rápida · Azul, pespunte blanco, hebilla clásica de oro rosa",C2-E3,LO-03-C2-E3-Brz-Piel-P20.webp,https://es.aliexpress.com/item/1005007805649477.html,
5,Piel azul,Brz-Piel-P21,"Piel con liberación rápida · Azul, pespunte negro, hebilla mariposa plateada",C1-E1,LO-03-C1-E1-Brz-Piel-P21.webp,https://es.aliexpress.com/item/1005007805649477.html,
5,Piel azul,Brz-Piel-P21,"Piel con liberación rápida · Azul, pespunte negro, hebilla mariposa plateada",C1-E2,LO-03-C1-E2-Brz-Piel-P21.webp,https://es.aliexpress.com/item/1005007805649477.html,
5,Piel azul,Brz-Piel-P21,"Piel con liberación rápida · Azul, pespunte negro, hebilla mariposa plateada",C2-E2,LO-03-C2-E2-Brz-Piel-P21.webp,https://es.aliexpress.com/item/1005007805649477.html,
5,Piel azul,Brz-Piel-P21,"Piel con liberación rápida · Azul, pespunte negro, hebilla mariposa plateada",C2-E3,LO-03-C2-E3-Brz-Piel-P21.webp,https://es.aliexpress.com/item/1005007805649477.html,
5,Piel azul,Brz-Piel-P22,"Piel con liberación rápida · Azul, pespunte negro, hebilla clásica plateada",C1-E1,LO-03-C1-E1-Brz-Piel-P22.webp,https://es.aliexpress.com/item/1005007805649477.html,
5,Piel azul,Brz-Piel-P22,"Piel con liberación rápida · Azul, pespunte negro, hebilla clásica plateada",C1-E2,LO-03-C1-E2-Brz-Piel-P22.webp,https://es.aliexpress.com/item/1005007805649477.html,
5,Piel azul,Brz-Piel-P22,"Piel con liberación rápida · Azul, pespunte negro, hebilla clásica plateada",C2-E2,LO-03-C2-E2-Brz-Piel-P22.webp,https://es.aliexpress.com/item/1005007805649477.html,
5,Piel azul,Brz-Piel-P22,"Piel con liberación rápida · Azul, pespunte negro, hebilla clásica plateada",C2-E3,LO-03-C2-E3-Brz-Piel-P22.webp,https://es.aliexpress.com/item/1005007805649477.html,
5,Piel azul,Brz-Piel-P23,"Piel con liberación rápida · Azul, pespunte negro, hebilla clásica negra",C1-E1,LO-03-C1-E1-Brz-Piel-P23.webp,https://es.aliexpress.com/item/1005007805649477.html,
5,Piel azul,Brz-Piel-P23,"Piel con liberación rápida · Azul, pespunte negro, hebilla clásica negra",C1-E2,LO-03-C1-E2-Brz-Piel-P23.webp,https://es.aliexpress.com/item/1005007805649477.html,
5,Piel azul,Brz-Piel-P23,"Piel con liberación rápida · Azul, pespunte negro, hebilla clásica negra",C2-E2,LO-03-C2-E2-Brz-Piel-P23.webp,https://es.aliexpress.com/item/1005007805649477.html,
5,Piel azul,Brz-Piel-P23,"Piel con liberación rápida · Azul, pespunte negro, hebilla clásica negra",C2-E3,LO-03-C2-E3-Brz-Piel-P23.webp,https://es.aliexpress.com/item/1005007805649477.html,
5,Piel azul,Brz-Piel-P24,"Piel con liberación rápida · Azul, pespunte negro, hebilla clásica de oro rosa",C1-E1,LO-03-C1-E1-Brz-Piel-P24.webp,https://es.aliexpress.com/item/1005007805649477.html,
5,Piel azul,Brz-Piel-P24,"Piel con liberación rápida · Azul, pespunte negro, hebilla clásica de oro rosa",C1-E2,LO-03-C1-E2-Brz-Piel-P24.webp,https://es.aliexpress.com/item/1005007805649477.html,
5,Piel azul,Brz-Piel-P24,"Piel con liberación rápida · Azul, pespunte negro, hebilla clásica de oro rosa",C2-E2,LO-03-C2-E2-Brz-Piel-P24.webp,https://es.aliexpress.com/item/1005007805649477.html,
5,Piel azul,Brz-Piel-P24,"Piel con liberación rápida · Azul, pespunte negro, hebilla clásica de oro rosa",C2-E3,LO-03-C2-E3-Brz-Piel-P24.webp,https://es.aliexpress.com/item/1005007805649477.html,
6,Piel sintetica,Brz-Sintetica-P52,"Piel sintética, hebilla mariposa · Negro",C1-E1,LO-03-C1-E1-Brz-Sintetica-P52.webp,https://es.aliexpress.com/item/1005007038154540.html,
6,Piel sintetica,Brz-Sintetica-P52,"Piel sintética, hebilla mariposa · Negro",C1-E2,LO-03-C1-E2-Brz-Sintetica-P52.webp,https://es.aliexpress.com/item/1005007038154540.html,
6,Piel sintetica,Brz-Sintetica-P52,"Piel sintética, hebilla mariposa · Negro",C2-E2,LO-03-C2-E2-Brz-Sintetica-P52.webp,https://es.aliexpress.com/item/1005007038154540.html,
6,Piel sintetica,Brz-Sintetica-P52,"Piel sintética, hebilla mariposa · Negro",C2-E3,LO-03-C2-E3-Brz-Sintetica-P52.webp,https://es.aliexpress.com/item/1005007038154540.html,
6,Piel sintetica,Brz-Sintetica-P53,"Piel sintética, hebilla mariposa · Negro con pespunte blanco",C1-E1,LO-03-C1-E1-Brz-Sintetica-P53.webp,https://es.aliexpress.com/item/1005007038154540.html,
6,Piel sintetica,Brz-Sintetica-P53,"Piel sintética, hebilla mariposa · Negro con pespunte blanco",C1-E2,LO-03-C1-E2-Brz-Sintetica-P53.webp,https://es.aliexpress.com/item/1005007038154540.html,
6,Piel sintetica,Brz-Sintetica-P53,"Piel sintética, hebilla mariposa · Negro con pespunte blanco",C2-E2,LO-03-C2-E2-Brz-Sintetica-P53.webp,https://es.aliexpress.com/item/1005007038154540.html,
6,Piel sintetica,Brz-Sintetica-P53,"Piel sintética, hebilla mariposa · Negro con pespunte blanco",C2-E3,LO-03-C2-E3-Brz-Sintetica-P53.webp,https://es.aliexpress.com/item/1005007038154540.html,
7,Caucho con hebilla,Brz-Goma-G01,Caucho con hebilla de acero · Negro,C1-E1,LO-03-C1-E1-Brz-Goma-G01.webp,https://es.aliexpress.com/item/1005010706660703.html,
7,Caucho con hebilla,Brz-Goma-G01,Caucho con hebilla de acero · Negro,C1-E2,LO-03-C1-E2-Brz-Goma-G01.webp,https://es.aliexpress.com/item/1005010706660703.html,
7,Caucho con hebilla,Brz-Goma-G01,Caucho con hebilla de acero · Negro,C2-E2,LO-03-C2-E2-Brz-Goma-G01.webp,https://es.aliexpress.com/item/1005010706660703.html,
7,Caucho con hebilla,Brz-Goma-G01,Caucho con hebilla de acero · Negro,C2-E3,LO-03-C2-E3-Brz-Goma-G01.webp,https://es.aliexpress.com/item/1005010706660703.html,
7,Caucho con hebilla,Brz-Goma-G02,Caucho con hebilla de acero · Blanco,C1-E1,LO-03-C1-E1-Brz-Goma-G02.webp,https://es.aliexpress.com/item/1005010706660703.html,
7,Caucho con hebilla,Brz-Goma-G02,Caucho con hebilla de acero · Blanco,C1-E2,LO-03-C1-E2-Brz-Goma-G02.webp,https://es.aliexpress.com/item/1005010706660703.html,
7,Caucho con hebilla,Brz-Goma-G02,Caucho con hebilla de acero · Blanco,C2-E2,LO-03-C2-E2-Brz-Goma-G02.webp,https://es.aliexpress.com/item/1005010706660703.html,
7,Caucho con hebilla,Brz-Goma-G02,Caucho con hebilla de acero · Blanco,C2-E3,LO-03-C2-E3-Brz-Goma-G02.webp,https://es.aliexpress.com/item/1005010706660703.html,
7,Caucho con hebilla,Brz-Goma-G03,Caucho con hebilla de acero · Rojo,C1-E1,LO-03-C1-E1-Brz-Goma-G03.webp,https://es.aliexpress.com/item/1005010706660703.html,
7,Caucho con hebilla,Brz-Goma-G03,Caucho con hebilla de acero · Rojo,C1-E2,LO-03-C1-E2-Brz-Goma-G03.webp,https://es.aliexpress.com/item/1005010706660703.html,
7,Caucho con hebilla,Brz-Goma-G03,Caucho con hebilla de acero · Rojo,C2-E2,LO-03-C2-E2-Brz-Goma-G03.webp,https://es.aliexpress.com/item/1005010706660703.html,
7,Caucho con hebilla,Brz-Goma-G03,Caucho con hebilla de acero · Rojo,C2-E3,LO-03-C2-E3-Brz-Goma-G03.webp,https://es.aliexpress.com/item/1005010706660703.html,
7,Caucho con hebilla,Brz-Goma-G04,Caucho con hebilla de acero · Naranja,C1-E1,LO-03-C1-E1-Brz-Goma-G04.webp,https://es.aliexpress.com/item/1005010706660703.html,
7,Caucho con hebilla,Brz-Goma-G04,Caucho con hebilla de acero · Naranja,C1-E2,LO-03-C1-E2-Brz-Goma-G04.webp,https://es.aliexpress.com/item/1005010706660703.html,
7,Caucho con hebilla,Brz-Goma-G04,Caucho con hebilla de acero · Naranja,C2-E2,LO-03-C2-E2-Brz-Goma-G04.webp,https://es.aliexpress.com/item/1005010706660703.html,
7,Caucho con hebilla,Brz-Goma-G04,Caucho con hebilla de acero · Naranja,C2-E3,LO-03-C2-E3-Brz-Goma-G04.webp,https://es.aliexpress.com/item/1005010706660703.html,
7,Caucho con hebilla,Brz-Goma-G05,Caucho con hebilla de acero · Azul,C1-E1,LO-03-C1-E1-Brz-Goma-G05.webp,https://es.aliexpress.com/item/1005010706660703.html,
7,Caucho con hebilla,Brz-Goma-G05,Caucho con hebilla de acero · Azul,C1-E2,LO-03-C1-E2-Brz-Goma-G05.webp,https://es.aliexpress.com/item/1005010706660703.html,
7,Caucho con hebilla,Brz-Goma-G05,Caucho con hebilla de acero · Azul,C2-E2,LO-03-C2-E2-Brz-Goma-G05.webp,https://es.aliexpress.com/item/1005010706660703.html,
7,Caucho con hebilla,Brz-Goma-G05,Caucho con hebilla de acero · Azul,C2-E3,LO-03-C2-E3-Brz-Goma-G05.webp,https://es.aliexpress.com/item/1005010706660703.html,
7,Caucho con hebilla,Brz-Goma-G06,Caucho con hebilla de acero · Marrón,C1-E1,LO-03-C1-E1-Brz-Goma-G06.webp,https://es.aliexpress.com/item/1005010706660703.html,
7,Caucho con hebilla,Brz-Goma-G06,Caucho con hebilla de acero · Marrón,C1-E2,LO-03-C1-E2-Brz-Goma-G06.webp,https://es.aliexpress.com/item/1005010706660703.html,
7,Caucho con hebilla,Brz-Goma-G06,Caucho con hebilla de acero · Marrón,C2-E2,LO-03-C2-E2-Brz-Goma-G06.webp,https://es.aliexpress.com/item/1005010706660703.html,
7,Caucho con hebilla,Brz-Goma-G06,Caucho con hebilla de acero · Marrón,C2-E3,LO-03-C2-E3-Brz-Goma-G06.webp,https://es.aliexpress.com/item/1005010706660703.html,
7,Caucho con hebilla,Brz-Goma-G07,Caucho con hebilla de acero · Gris,C1-E1,LO-03-C1-E1-Brz-Goma-G07.webp,https://es.aliexpress.com/item/1005010706660703.html,
7,Caucho con hebilla,Brz-Goma-G07,Caucho con hebilla de acero · Gris,C1-E2,LO-03-C1-E2-Brz-Goma-G07.webp,https://es.aliexpress.com/item/1005010706660703.html,
7,Caucho con hebilla,Brz-Goma-G07,Caucho con hebilla de acero · Gris,C2-E2,LO-03-C2-E2-Brz-Goma-G07.webp,https://es.aliexpress.com/item/1005010706660703.html,
7,Caucho con hebilla,Brz-Goma-G07,Caucho con hebilla de acero · Gris,C2-E3,LO-03-C2-E3-Brz-Goma-G07.webp,https://es.aliexpress.com/item/1005010706660703.html,
8,Caucho fluorado A,Brz-Caucho-C10,"Caucho fluorado, cierre desplegable · Negro blanco 01",C1-E1,LO-03-C1-E1-Brz-Caucho-C10.webp,https://es.aliexpress.com/item/1005010530116265.html,
8,Caucho fluorado A,Brz-Caucho-C10,"Caucho fluorado, cierre desplegable · Negro blanco 01",C1-E2,LO-03-C1-E2-Brz-Caucho-C10.webp,https://es.aliexpress.com/item/1005010530116265.html,
8,Caucho fluorado A,Brz-Caucho-C10,"Caucho fluorado, cierre desplegable · Negro blanco 01",C2-E2,LO-03-C2-E2-Brz-Caucho-C10.webp,https://es.aliexpress.com/item/1005010530116265.html,
8,Caucho fluorado A,Brz-Caucho-C10,"Caucho fluorado, cierre desplegable · Negro blanco 01",C2-E3,LO-03-C2-E3-Brz-Caucho-C10.webp,https://es.aliexpress.com/item/1005010530116265.html,
8,Caucho fluorado A,Brz-Caucho-C11,"Caucho fluorado, cierre desplegable · Negro negro 01",C1-E1,LO-03-C1-E1-Brz-Caucho-C11.webp,https://es.aliexpress.com/item/1005010530116265.html,
8,Caucho fluorado A,Brz-Caucho-C11,"Caucho fluorado, cierre desplegable · Negro negro 01",C1-E2,LO-03-C1-E2-Brz-Caucho-C11.webp,https://es.aliexpress.com/item/1005010530116265.html,
8,Caucho fluorado A,Brz-Caucho-C11,"Caucho fluorado, cierre desplegable · Negro negro 01",C2-E2,LO-03-C2-E2-Brz-Caucho-C11.webp,https://es.aliexpress.com/item/1005010530116265.html,
8,Caucho fluorado A,Brz-Caucho-C11,"Caucho fluorado, cierre desplegable · Negro negro 01",C2-E3,LO-03-C2-E3-Brz-Caucho-C11.webp,https://es.aliexpress.com/item/1005010530116265.html,
8,Caucho fluorado A,Brz-Caucho-C17,"Caucho fluorado, cierre desplegable · Negro blanco 02",C1-E1,LO-03-C1-E1-Brz-Caucho-C17.webp,https://es.aliexpress.com/item/1005010530116265.html,
8,Caucho fluorado A,Brz-Caucho-C17,"Caucho fluorado, cierre desplegable · Negro blanco 02",C1-E2,LO-03-C1-E2-Brz-Caucho-C17.webp,https://es.aliexpress.com/item/1005010530116265.html,
8,Caucho fluorado A,Brz-Caucho-C17,"Caucho fluorado, cierre desplegable · Negro blanco 02",C2-E2,LO-03-C2-E2-Brz-Caucho-C17.webp,https://es.aliexpress.com/item/1005010530116265.html,
8,Caucho fluorado A,Brz-Caucho-C17,"Caucho fluorado, cierre desplegable · Negro blanco 02",C2-E3,LO-03-C2-E3-Brz-Caucho-C17.webp,https://es.aliexpress.com/item/1005010530116265.html,
8,Caucho fluorado A,Brz-Caucho-C18,"Caucho fluorado, cierre desplegable · Negro negro 02",C1-E1,LO-03-C1-E1-Brz-Caucho-C18.webp,https://es.aliexpress.com/item/1005010530116265.html,
8,Caucho fluorado A,Brz-Caucho-C18,"Caucho fluorado, cierre desplegable · Negro negro 02",C1-E2,LO-03-C1-E2-Brz-Caucho-C18.webp,https://es.aliexpress.com/item/1005010530116265.html,
8,Caucho fluorado A,Brz-Caucho-C18,"Caucho fluorado, cierre desplegable · Negro negro 02",C2-E2,LO-03-C2-E2-Brz-Caucho-C18.webp,https://es.aliexpress.com/item/1005010530116265.html,
8,Caucho fluorado A,Brz-Caucho-C18,"Caucho fluorado, cierre desplegable · Negro negro 02",C2-E3,LO-03-C2-E3-Brz-Caucho-C18.webp,https://es.aliexpress.com/item/1005010530116265.html,
8,Caucho fluorado A,Brz-Caucho-C22,"Caucho fluorado, cierre desplegable · Gris blanco 02",C1-E1,LO-03-C1-E1-Brz-Caucho-C22.webp,https://es.aliexpress.com/item/1005010530116265.html,
8,Caucho fluorado A,Brz-Caucho-C22,"Caucho fluorado, cierre desplegable · Gris blanco 02",C1-E2,LO-03-C1-E2-Brz-Caucho-C22.webp,https://es.aliexpress.com/item/1005010530116265.html,
8,Caucho fluorado A,Brz-Caucho-C22,"Caucho fluorado, cierre desplegable · Gris blanco 02",C2-E2,LO-03-C2-E2-Brz-Caucho-C22.webp,https://es.aliexpress.com/item/1005010530116265.html,
8,Caucho fluorado A,Brz-Caucho-C22,"Caucho fluorado, cierre desplegable · Gris blanco 02",C2-E3,LO-03-C2-E3-Brz-Caucho-C22.webp,https://es.aliexpress.com/item/1005010530116265.html,
8,Caucho fluorado A,Brz-Caucho-C23,"Caucho fluorado, cierre desplegable · Blanco blanco 01",C1-E1,LO-03-C1-E1-Brz-Caucho-C23.webp,https://es.aliexpress.com/item/1005010530116265.html,
8,Caucho fluorado A,Brz-Caucho-C23,"Caucho fluorado, cierre desplegable · Blanco blanco 01",C1-E2,LO-03-C1-E2-Brz-Caucho-C23.webp,https://es.aliexpress.com/item/1005010530116265.html,
8,Caucho fluorado A,Brz-Caucho-C23,"Caucho fluorado, cierre desplegable · Blanco blanco 01",C2-E2,LO-03-C2-E2-Brz-Caucho-C23.webp,https://es.aliexpress.com/item/1005010530116265.html,
8,Caucho fluorado A,Brz-Caucho-C23,"Caucho fluorado, cierre desplegable · Blanco blanco 01",C2-E3,LO-03-C2-E3-Brz-Caucho-C23.webp,https://es.aliexpress.com/item/1005010530116265.html,
8,Caucho fluorado A,Brz-Caucho-C24,"Caucho fluorado, cierre desplegable · Blanco blanco 02",C1-E1,LO-03-C1-E1-Brz-Caucho-C24.webp,https://es.aliexpress.com/item/1005010530116265.html,
8,Caucho fluorado A,Brz-Caucho-C24,"Caucho fluorado, cierre desplegable · Blanco blanco 02",C1-E2,LO-03-C1-E2-Brz-Caucho-C24.webp,https://es.aliexpress.com/item/1005010530116265.html,
8,Caucho fluorado A,Brz-Caucho-C24,"Caucho fluorado, cierre desplegable · Blanco blanco 02",C2-E2,LO-03-C2-E2-Brz-Caucho-C24.webp,https://es.aliexpress.com/item/1005010530116265.html,
8,Caucho fluorado A,Brz-Caucho-C24,"Caucho fluorado, cierre desplegable · Blanco blanco 02",C2-E3,LO-03-C2-E3-Brz-Caucho-C24.webp,https://es.aliexpress.com/item/1005010530116265.html,
8,Caucho fluorado A,Brz-Caucho-C30,"Caucho fluorado, cierre desplegable · Beige blanco 02",C1-E1,LO-03-C1-E1-Brz-Caucho-C30.webp,https://es.aliexpress.com/item/1005010530116265.html,
8,Caucho fluorado A,Brz-Caucho-C30,"Caucho fluorado, cierre desplegable · Beige blanco 02",C1-E2,LO-03-C1-E2-Brz-Caucho-C30.webp,https://es.aliexpress.com/item/1005010530116265.html,
8,Caucho fluorado A,Brz-Caucho-C30,"Caucho fluorado, cierre desplegable · Beige blanco 02",C2-E2,LO-03-C2-E2-Brz-Caucho-C30.webp,https://es.aliexpress.com/item/1005010530116265.html,
8,Caucho fluorado A,Brz-Caucho-C30,"Caucho fluorado, cierre desplegable · Beige blanco 02",C2-E3,LO-03-C2-E3-Brz-Caucho-C30.webp,https://es.aliexpress.com/item/1005010530116265.html,
9,Caucho fluorado B,Brz-Caucho-C12,"Caucho fluorado, cierre desplegable · Verde militar blanco 01",C1-E1,LO-03-C1-E1-Brz-Caucho-C12.webp,https://es.aliexpress.com/item/1005010530116265.html,
9,Caucho fluorado B,Brz-Caucho-C12,"Caucho fluorado, cierre desplegable · Verde militar blanco 01",C1-E2,LO-03-C1-E2-Brz-Caucho-C12.webp,https://es.aliexpress.com/item/1005010530116265.html,
9,Caucho fluorado B,Brz-Caucho-C12,"Caucho fluorado, cierre desplegable · Verde militar blanco 01",C2-E2,LO-03-C2-E2-Brz-Caucho-C12.webp,https://es.aliexpress.com/item/1005010530116265.html,
9,Caucho fluorado B,Brz-Caucho-C12,"Caucho fluorado, cierre desplegable · Verde militar blanco 01",C2-E3,LO-03-C2-E3-Brz-Caucho-C12.webp,https://es.aliexpress.com/item/1005010530116265.html,
9,Caucho fluorado B,Brz-Caucho-C13,"Caucho fluorado, cierre desplegable · Rojo blanco 01",C1-E1,LO-03-C1-E1-Brz-Caucho-C13.webp,https://es.aliexpress.com/item/1005010530116265.html,
9,Caucho fluorado B,Brz-Caucho-C13,"Caucho fluorado, cierre desplegable · Rojo blanco 01",C1-E2,LO-03-C1-E2-Brz-Caucho-C13.webp,https://es.aliexpress.com/item/1005010530116265.html,
9,Caucho fluorado B,Brz-Caucho-C13,"Caucho fluorado, cierre desplegable · Rojo blanco 01",C2-E2,LO-03-C2-E2-Brz-Caucho-C13.webp,https://es.aliexpress.com/item/1005010530116265.html,
9,Caucho fluorado B,Brz-Caucho-C13,"Caucho fluorado, cierre desplegable · Rojo blanco 01",C2-E3,LO-03-C2-E3-Brz-Caucho-C13.webp,https://es.aliexpress.com/item/1005010530116265.html,
9,Caucho fluorado B,Brz-Caucho-C14,"Caucho fluorado, cierre desplegable · Naranja blanco 01",C1-E1,LO-03-C1-E1-Brz-Caucho-C14.webp,https://es.aliexpress.com/item/1005010530116265.html,
9,Caucho fluorado B,Brz-Caucho-C14,"Caucho fluorado, cierre desplegable · Naranja blanco 01",C1-E2,LO-03-C1-E2-Brz-Caucho-C14.webp,https://es.aliexpress.com/item/1005010530116265.html,
9,Caucho fluorado B,Brz-Caucho-C14,"Caucho fluorado, cierre desplegable · Naranja blanco 01",C2-E2,LO-03-C2-E2-Brz-Caucho-C14.webp,https://es.aliexpress.com/item/1005010530116265.html,
9,Caucho fluorado B,Brz-Caucho-C14,"Caucho fluorado, cierre desplegable · Naranja blanco 01",C2-E3,LO-03-C2-E3-Brz-Caucho-C14.webp,https://es.aliexpress.com/item/1005010530116265.html,
9,Caucho fluorado B,Brz-Caucho-C15,"Caucho fluorado, cierre desplegable · Gris blanco 01",C1-E1,LO-03-C1-E1-Brz-Caucho-C15.webp,https://es.aliexpress.com/item/1005010530116265.html,
9,Caucho fluorado B,Brz-Caucho-C15,"Caucho fluorado, cierre desplegable · Gris blanco 01",C1-E2,LO-03-C1-E2-Brz-Caucho-C15.webp,https://es.aliexpress.com/item/1005010530116265.html,
9,Caucho fluorado B,Brz-Caucho-C15,"Caucho fluorado, cierre desplegable · Gris blanco 01",C2-E2,LO-03-C2-E2-Brz-Caucho-C15.webp,https://es.aliexpress.com/item/1005010530116265.html,
9,Caucho fluorado B,Brz-Caucho-C15,"Caucho fluorado, cierre desplegable · Gris blanco 01",C2-E3,LO-03-C2-E3-Brz-Caucho-C15.webp,https://es.aliexpress.com/item/1005010530116265.html,
9,Caucho fluorado B,Brz-Caucho-C16,"Caucho fluorado, cierre desplegable · Beige blanco 01",C1-E1,LO-03-C1-E1-Brz-Caucho-C16.webp,https://es.aliexpress.com/item/1005010530116265.html,
9,Caucho fluorado B,Brz-Caucho-C16,"Caucho fluorado, cierre desplegable · Beige blanco 01",C1-E2,LO-03-C1-E2-Brz-Caucho-C16.webp,https://es.aliexpress.com/item/1005010530116265.html,
9,Caucho fluorado B,Brz-Caucho-C16,"Caucho fluorado, cierre desplegable · Beige blanco 01",C2-E2,LO-03-C2-E2-Brz-Caucho-C16.webp,https://es.aliexpress.com/item/1005010530116265.html,
9,Caucho fluorado B,Brz-Caucho-C16,"Caucho fluorado, cierre desplegable · Beige blanco 01",C2-E3,LO-03-C2-E3-Brz-Caucho-C16.webp,https://es.aliexpress.com/item/1005010530116265.html,
9,Caucho fluorado B,Brz-Caucho-C19,"Caucho fluorado, cierre desplegable · Verde militar blanco 02",C1-E1,LO-03-C1-E1-Brz-Caucho-C19.webp,https://es.aliexpress.com/item/1005010530116265.html,
9,Caucho fluorado B,Brz-Caucho-C19,"Caucho fluorado, cierre desplegable · Verde militar blanco 02",C1-E2,LO-03-C1-E2-Brz-Caucho-C19.webp,https://es.aliexpress.com/item/1005010530116265.html,
9,Caucho fluorado B,Brz-Caucho-C19,"Caucho fluorado, cierre desplegable · Verde militar blanco 02",C2-E2,LO-03-C2-E2-Brz-Caucho-C19.webp,https://es.aliexpress.com/item/1005010530116265.html,
9,Caucho fluorado B,Brz-Caucho-C19,"Caucho fluorado, cierre desplegable · Verde militar blanco 02",C2-E3,LO-03-C2-E3-Brz-Caucho-C19.webp,https://es.aliexpress.com/item/1005010530116265.html,
9,Caucho fluorado B,Brz-Caucho-C25,"Caucho fluorado, cierre desplegable · Marrón blanco 01",C1-E1,LO-03-C1-E1-Brz-Caucho-C25.webp,https://es.aliexpress.com/item/1005010530116265.html,
9,Caucho fluorado B,Brz-Caucho-C25,"Caucho fluorado, cierre desplegable · Marrón blanco 01",C1-E2,LO-03-C1-E2-Brz-Caucho-C25.webp,https://es.aliexpress.com/item/1005010530116265.html,
9,Caucho fluorado B,Brz-Caucho-C25,"Caucho fluorado, cierre desplegable · Marrón blanco 01",C2-E2,LO-03-C2-E2-Brz-Caucho-C25.webp,https://es.aliexpress.com/item/1005010530116265.html,
9,Caucho fluorado B,Brz-Caucho-C25,"Caucho fluorado, cierre desplegable · Marrón blanco 01",C2-E3,LO-03-C2-E3-Brz-Caucho-C25.webp,https://es.aliexpress.com/item/1005010530116265.html,
9,Caucho fluorado B,Brz-Caucho-C26,"Caucho fluorado, cierre desplegable · Azul real blanco 02",C1-E1,LO-03-C1-E1-Brz-Caucho-C26.webp,https://es.aliexpress.com/item/1005010530116265.html,
9,Caucho fluorado B,Brz-Caucho-C26,"Caucho fluorado, cierre desplegable · Azul real blanco 02",C1-E2,LO-03-C1-E2-Brz-Caucho-C26.webp,https://es.aliexpress.com/item/1005010530116265.html,
9,Caucho fluorado B,Brz-Caucho-C26,"Caucho fluorado, cierre desplegable · Azul real blanco 02",C2-E2,LO-03-C2-E2-Brz-Caucho-C26.webp,https://es.aliexpress.com/item/1005010530116265.html,
9,Caucho fluorado B,Brz-Caucho-C26,"Caucho fluorado, cierre desplegable · Azul real blanco 02",C2-E3,LO-03-C2-E3-Brz-Caucho-C26.webp,https://es.aliexpress.com/item/1005010530116265.html,
9,Caucho fluorado B,Brz-Caucho-C27,"Caucho fluorado, cierre desplegable · Marrón blanco 02",C1-E1,LO-03-C1-E1-Brz-Caucho-C27.webp,https://es.aliexpress.com/item/1005010530116265.html,
9,Caucho fluorado B,Brz-Caucho-C27,"Caucho fluorado, cierre desplegable · Marrón blanco 02",C1-E2,LO-03-C1-E2-Brz-Caucho-C27.webp,https://es.aliexpress.com/item/1005010530116265.html,
9,Caucho fluorado B,Brz-Caucho-C27,"Caucho fluorado, cierre desplegable · Marrón blanco 02",C2-E2,LO-03-C2-E2-Brz-Caucho-C27.webp,https://es.aliexpress.com/item/1005010530116265.html,
9,Caucho fluorado B,Brz-Caucho-C27,"Caucho fluorado, cierre desplegable · Marrón blanco 02",C2-E3,LO-03-C2-E3-Brz-Caucho-C27.webp,https://es.aliexpress.com/item/1005010530116265.html,
